original_name,correct_name
Gl 1,GJ 1
Gl 2,GJ 2
Gl 3,GJ 3
Gl 4A,GJ 4A
Gl 4B,GJ 4B
Gl 4.1A,GJ 4.1A
Gl 4.1B,GJ 4.1B
Gl 4.2A,GJ 4.2A
Gl 4.2B,GJ 4.2B
Gl 5,GJ 5
Gl 6,GJ 6
Gl 7,GJ 7
Gl 8,GJ 8
Gl 9.1,GJ 9.1
Gl 10,GJ 10
Gl 10.1,GJ 10.1
Gl 11A,GJ 11A
Gl 11B,GJ 11B
Gl 12,GJ 12
Gl 13,GJ 13
Gl 14,GJ 14
Gl 15A,GJ 15A
Gl 15B,GJ 15B
Gl 16,GJ 16
Gl 16.1,GJ 16.1
Gl 17,GJ 17
Gl 17.1,GJ 17.1
Gl 17.2,GJ 17.2
Gl 17.3,GJ 17.3
Gl 18,GJ 18
Gl 19,GJ 19
Gl 20,GJ 20
Gl 21,GJ 21
Gl 22AC,GJ 22AC
Gl 22B,GJ 22B
Gl 22.2,GJ 22.2
Gl 23A,GJ 23A
Gl 23B,GJ 23B
Gl 24B,GJ 24B
Gl 24A,GJ 24A
Gl 25A,GJ 25A
Gl 25B,GJ 25B
Gl 26,GJ 26
Gl 27,GJ 27
Gl 27.1,GJ 27.1
Gl 27.2,GJ 27.2
Gl 28,GJ 28
Gl 29,GJ 29
Gl 29.1,GJ 29.1
Gl 30,GJ 30
Gl 31,GJ 31
Gl 31.2A,GJ 31.2A
Gl 31.2B,GJ 31.2B
Gl 31.3,GJ 31.3
Gl 31.4,GJ 31.4
Gl 31.5,GJ 31.5
Gl 32A,GJ 32A
Gl 32B,GJ 32B
Gl 33,GJ 33
Gl 34A,GJ 34A
Gl 34B,GJ 34B
Gl 34.1,GJ 34.1
Gl 35,GJ 35
Gl 36,GJ 36
Gl 37,GJ 37
Gl 38,GJ 38
Gl 39,GJ 39
Gl 40A,GJ 40A
Gl 40B,GJ 40B
Gl 41,GJ 41
Gl 42,GJ 42
Gl 42.1,GJ 42.1
Gl 43,GJ 43
Gl 44,GJ 44
Gl 45,GJ 45
Gl 46,GJ 46
Gl 46.1,GJ 46.1
Gl 47,GJ 47
Gl 48,GJ 48
Gl 49,GJ 49
Gl 50,GJ 50
Gl 51,GJ 51
Gl 52,GJ 52
Gl 52.1,GJ 52.1
Gl 52.2,GJ 52.2
Gl 53A,GJ 53A
Gl 53B,GJ 53B
Gl 53.1A,GJ 53.1A
Gl 53.1B,GJ 53.1B
Gl 53.2,GJ 53.2
Gl 53.3,GJ 53.3
Gl 54,GJ 54
Gl 54.1,GJ 54.1
Gl 54.2B,GJ 54.2B
Gl 54.2A,GJ 54.2A
Gl 54.3,GJ 54.3
Gl 55,GJ 55
Gl 55.1A,GJ 55.1A
Gl 55.1B,GJ 55.1B
Gl 55.2,GJ 55.2
Gl 55.3A,GJ 55.3A
Gl 55.3B,GJ 55.3B
Gl 56,GJ 56
Gl 56.1,GJ 56.1
Gl 56.2,GJ 56.2
Gl 56.3A,GJ 56.3A
Gl 56.3B,GJ 56.3B
Gl 56.4,GJ 56.4
Gl 56.5,GJ 56.5
Gl 57,GJ 57
Gl 57.1B,GJ 57.1B
Gl 57.1C,GJ 57.1C
Gl 57.1A,GJ 57.1A
Gl 58.2,GJ 58.2
Gl 59B,GJ 59B
Gl 59A,GJ 59A
Gl 59.1,GJ 59.1
Gl 60A,GJ 60A
Gl 60B,GJ 60B
Gl 60C,GJ 60C
Gl 61,GJ 61
Gl 62,GJ 62
Gl 63,GJ 63
Gl 64,GJ 64
Gl 65A,GJ 65A
Gl 65B,GJ 65B
Gl 65.2,GJ 65.2
Gl 66A,GJ 66A
Gl 66B,GJ 66B
Gl 67,GJ 67
Gl 67.1,GJ 67.1
Gl 67.2,GJ 67.2
Gl 68,GJ 68
Gl 69,GJ 69
Gl 70,GJ 70
Gl 71,GJ 71
Gl 73,GJ 73
Gl 74,GJ 74
Gl 75,GJ 75
Gl 76,GJ 76
Gl 77,GJ 77
Gl 78,GJ 78
Gl 78.1,GJ 78.1
Gl 79,GJ 79
Gl 80,GJ 80
Gl 81A,GJ 81A
Gl 81B,GJ 81B
Gl 81.1A,GJ 81.1A
Gl 81.1B,GJ 81.1B
Gl 81.2,GJ 81.2
Gl 81.3,GJ 81.3
Gl 82,GJ 82
Gl 82.1,GJ 82.1
Gl 83,GJ 83
Gl 83.1,GJ 83.1
Gl 83.4A,GJ 83.4A
Gl 83.4B,GJ 83.4B
Gl 84,GJ 84
Gl 84.1B,GJ 84.1B
Gl 84.1A,GJ 84.1A
Gl 84.2A,GJ 84.2A
Gl 84.2B,GJ 84.2B
Gl 84.3,GJ 84.3
Gl 85,GJ 85
Gl 85.1,GJ 85.1
Gl 86,GJ 86
Gl 87,GJ 87
Gl 87.1A,GJ 87.1A
Gl 87.1B,GJ 87.1B
Gl 88,GJ 88
Gl 89,GJ 89
Gl 90,GJ 90
Gl 91,GJ 91
Gl 91.2A,GJ 91.2A
Gl 91.2B,GJ 91.2B
Gl 91.3,GJ 91.3
Gl 92,GJ 92
Gl 92.1,GJ 92.1
Gl 92.2,GJ 92.2
Gl 93,GJ 93
Gl 94,GJ 94
Gl 95,GJ 95
Gl 96,GJ 96
Gl 97,GJ 97
Gl 97.1,GJ 97.1
Gl 98A,GJ 98A
Gl 98B,GJ 98B
Gl 99A,GJ 99A
Gl 99B,GJ 99B
Gl 99.1,GJ 99.1
Gl 100A,GJ 100A
Gl 100B,GJ 100B
Gl 100C,GJ 100C
Gl 100.1,GJ 100.1
Gl 101,GJ 101
Gl 101.1,GJ 101.1
Gl 102,GJ 102
Gl 103,GJ 103
Gl 104,GJ 104
Gl 105A,GJ 105A
Gl 105B,GJ 105B
Gl 105.1,GJ 105.1
Gl 105.3,GJ 105.3
Gl 105.4A,GJ 105.4A
Gl 105.4B,GJ 105.4B
Gl 105.5,GJ 105.5
Gl 105.6,GJ 105.6
Gl 106,GJ 106
Gl 106.1C,GJ 106.1C
Gl 106.1A,GJ 106.1A
Gl 106.1B,GJ 106.1B
Gl 107A,GJ 107A
Gl 107B,GJ 107B
Gl 108,GJ 108
Gl 109,GJ 109
Gl 111,GJ 111
Gl 112,GJ 112
Gl 112.1,GJ 112.1
Gl 113AB,GJ 113AB
Gl 113C,GJ 113C
Gl 113.1,GJ 113.1
Gl 114,GJ 114
Gl 114.1A,GJ 114.1A
Gl 115,GJ 115
Gl 116,GJ 116
Gl 117,GJ 117
Gl 118,GJ 118
Gl 118.1B,GJ 118.1B
Gl 118.1A,GJ 118.1A
Gl 118.2A,GJ 118.2A
Gl 118.2B,GJ 118.2B
Gl 118.2C,GJ 118.2C
Gl 119B,GJ 119B
Gl 119A,GJ 119A
Gl 120,GJ 120
Gl 120.1C,GJ 120.1C
Gl 120.1A,GJ 120.1A
Gl 120.1B,GJ 120.1B
Gl 120.2,GJ 120.2
Gl 121,GJ 121
Gl 121.1,GJ 121.1
Gl 121.2,GJ 121.2
Gl 122,GJ 122
Gl 123,GJ 123
Gl 124,GJ 124
Gl 125,GJ 125
Gl 126,GJ 126
Gl 127A,GJ 127A
Gl 127B,GJ 127B
Gl 127.1A,GJ 127.1A
Gl 127.1B,GJ 127.1B
Gl 128A,GJ 128A
Gl 128B,GJ 128B
Gl 130,GJ 130
Gl 130.1A,GJ 130.1A
Gl 130.1B,GJ 130.1B
Gl 131,GJ 131
Gl 132,GJ 132
Gl 133,GJ 133
Gl 134,GJ 134
Gl 135,GJ 135
Gl 136,GJ 136
Gl 137,GJ 137
Gl 138,GJ 138
Gl 138.1B,GJ 138.1B
Gl 138.1A,GJ 138.1A
Gl 139,GJ 139
Gl 140A,GJ 140A
Gl 140B,GJ 140B
Gl 140C,GJ 140C
Gl 140.1B,GJ 140.1B
Gl 140.1A,GJ 140.1A
Gl 141,GJ 141
Gl 141.2,GJ 141.2
Gl 142,GJ 142
Gl 143,GJ 143
Gl 143.1,GJ 143.1
Gl 143.2B,GJ 143.2B
Gl 143.2A,GJ 143.2A
Gl 143.3,GJ 143.3
Gl 144,GJ 144
Gl 145,GJ 145
Gl 146,GJ 146
Gl 147,GJ 147
Gl 147.1,GJ 147.1
Gl 148,GJ 148
Gl 149B,GJ 149B
Gl 149A,GJ 149A
Gl 150,GJ 150
Gl 150.1B,GJ 150.1B
Gl 150.1A,GJ 150.1A
Gl 150.2,GJ 150.2
Gl 151,GJ 151
Gl 152,GJ 152
Gl 153B,GJ 153B
Gl 153C,GJ 153C
Gl 153A,GJ 153A
Gl 154,GJ 154
Gl 154.1A,GJ 154.1A
Gl 154.1B,GJ 154.1B
Gl 154.2,GJ 154.2
Gl 155,GJ 155
Gl 155.1,GJ 155.1
Gl 155.2,GJ 155.2
Gl 155.3,GJ 155.3
Gl 156,GJ 156
Gl 156.1A,GJ 156.1A
Gl 156.2,GJ 156.2
Gl 157A,GJ 157A
Gl 157B,GJ 157B
Gl 157.1,GJ 157.1
Gl 158,GJ 158
Gl 159,GJ 159
Gl 160,GJ 160
Gl 160.2,GJ 160.2
Gl 161,GJ 161
Gl 161.1,GJ 161.1
Gl 161.2,GJ 161.2
Gl 162,GJ 162
Gl 162.1,GJ 162.1
Gl 163,GJ 163
Gl 164,GJ 164
Gl 165AB,GJ 165AB
Gl 165.1,GJ 165.1
Gl 165.2,GJ 165.2
Gl 166A,GJ 166A
Gl 166B,GJ 166B
Gl 166C,GJ 166C
Gl 167,GJ 167
Gl 167.1,GJ 167.1
Gl 167.2,GJ 167.2
Gl 167.3,GJ 167.3
Gl 168.1,GJ 168.1
Gl 168.2,GJ 168.2
Gl 169,GJ 169
Gl 169.1A,GJ 169.1A
Gl 169.1B,GJ 169.1B
Gl 170,GJ 170
Gl 170.1,GJ 170.1
Gl 171,GJ 171
Gl 171.1A,GJ 171.1A
Gl 171.1B,GJ 171.1B
Gl 171.2B,GJ 171.2B
Gl 171.2A,GJ 171.2A
Gl 172,GJ 172
Gl 173,GJ 173
Gl 173.1B,GJ 173.1B
Gl 173.1A,GJ 173.1A
Gl 174,GJ 174
Gl 174.1A,GJ 174.1A
Gl 174.1B,GJ 174.1B
Gl 175A,GJ 175A
Gl 175B,GJ 175B
Gl 176,GJ 176
Gl 176.1,GJ 176.1
Gl 176.2,GJ 176.2
Gl 176.3,GJ 176.3
Gl 177,GJ 177
Gl 178,GJ 178
Gl 179,GJ 179
Gl 180,GJ 180
Gl 181,GJ 181
Gl 181.1,GJ 181.1
Gl 182,GJ 182
Gl 183,GJ 183
Gl 184,GJ 184
Gl 185A,GJ 185A
Gl 185B,GJ 185B
Gl 186,GJ 186
Gl 186.1A,GJ 186.1A
Gl 186.1B,GJ 186.1B
Gl 187,GJ 187
Gl 187.1,GJ 187.1
Gl 187.2A,GJ 187.2A
Gl 188A,GJ 188A
Gl 188B,GJ 188B
Gl 189,GJ 189
Gl 189.2,GJ 189.2
Gl 190,GJ 190
Gl 191,GJ 191
Gl 192,GJ 192
Gl 193,GJ 193
Gl 194A,GJ 194A
Gl 194B,GJ 194B
Gl 195A,GJ 195A
Gl 195B,GJ 195B
Gl 196,GJ 196
Gl 197,GJ 197
Gl 198,GJ 198
Gl 199A,GJ 199A
Gl 199B,GJ 199B
Gl 200A,GJ 200A
Gl 200B,GJ 200B
Gl 200.1,GJ 200.1
Gl 201,GJ 201
Gl 202,GJ 202
Gl 203,GJ 203
Gl 204,GJ 204
Gl 204.1,GJ 204.1
Gl 204.2,GJ 204.2
Gl 205,GJ 205
Gl 206,GJ 206
Gl 207,GJ 207
Gl 207.1,GJ 207.1
Gl 208,GJ 208
Gl 209,GJ 209
Gl 209.1,GJ 209.1
Gl 210,GJ 210
Gl 211,GJ 211
Gl 212,GJ 212
Gl 213,GJ 213
Gl 215,GJ 215
Gl 216A,GJ 216A
Gl 216B,GJ 216B
Gl 217,GJ 217
Gl 217.1,GJ 217.1
Gl 217.2,GJ 217.2
Gl 218,GJ 218
Gl 219,GJ 219
Gl 220,GJ 220
Gl 221,GJ 221
Gl 222AB,GJ 222AB
Gl 223,GJ 223
Gl 223.1,GJ 223.1
Gl 223.2,GJ 223.2
Gl 224,GJ 224
Gl 224.1,GJ 224.1
Gl 225,GJ 225
Gl 225.1,GJ 225.1
Gl 225.2A,GJ 225.2A
Gl 225.2B,GJ 225.2B
Gl 225.2C,GJ 225.2C
Gl 226,GJ 226
Gl 226.1,GJ 226.1
Gl 226.2,GJ 226.2
Gl 226.3,GJ 226.3
Gl 227,GJ 227
Gl 228A,GJ 228A
Gl 228B,GJ 228B
Gl 229,GJ 229
Gl 230,GJ 230
Gl 231,GJ 231
Gl 231.1B,GJ 231.1B
Gl 231.1A,GJ 231.1A
Gl 231.3,GJ 231.3
Gl 232,GJ 232
Gl 233AB,GJ 233AB
Gl 234A,GJ 234A
Gl 234B,GJ 234B
Gl 236,GJ 236
Gl 237,GJ 237
Gl 238,GJ 238
Gl 239,GJ 239
Gl 239.1,GJ 239.1
Gl 240,GJ 240
Gl 240.1,GJ 240.1
Gl 241,GJ 241
Gl 242,GJ 242
Gl 243,GJ 243
Gl 244A,GJ 244A
Gl 244B,GJ 244B
Gl 245,GJ 245
Gl 245.1,GJ 245.1
Gl 246,GJ 246
Gl 247,GJ 247
Gl 248,GJ 248
Gl 249,GJ 249
Gl 249.1,GJ 249.1
Gl 250A,GJ 250A
Gl 250B,GJ 250B
Gl 251,GJ 251
Gl 251.1,GJ 251.1
Gl 252,GJ 252
Gl 253,GJ 253
Gl 254,GJ 254
Gl 255A,GJ 255A
Gl 255B,GJ 255B
Gl 256,GJ 256
Gl 257A,GJ 257A
Gl 257B,GJ 257B
Gl 257.1,GJ 257.1
Gl 258,GJ 258
Gl 259,GJ 259
Gl 260,GJ 260
Gl 261,GJ 261
Gl 262,GJ 262
Gl 263,GJ 263
Gl 264,GJ 264
Gl 264.1A,GJ 264.1A
Gl 264.1B,GJ 264.1B
Gl 265A,GJ 265A
Gl 266,GJ 266
Gl 268,GJ 268
Gl 268.1,GJ 268.1
Gl 268.2,GJ 268.2
Gl 268.3,GJ 268.3
Gl 268.4,GJ 268.4
Gl 268.5,GJ 268.5
Gl 269A,GJ 269A
Gl 269B,GJ 269B
Gl 270,GJ 270
Gl 271A,GJ 271A
Gl 271B,GJ 271B
Gl 272,GJ 272
Gl 273,GJ 273
Gl 273.1,GJ 273.1
Gl 274A,GJ 274A
Gl 274B,GJ 274B
Gl 275,GJ 275
Gl 275.1,GJ 275.1
Gl 275.2B,GJ 275.2B
Gl 275.2A,GJ 275.2A
Gl 276,GJ 276
Gl 277B,GJ 277B
Gl 277A,GJ 277A
Gl 277.1,GJ 277.1
Gl 278A,GJ 278A
Gl 278B,GJ 278B
Gl 278C,GJ 278C
Gl 279,GJ 279
Gl 280A,GJ 280A
Gl 280B,GJ 280B
Gl 281,GJ 281
Gl 282A,GJ 282A
Gl 282B,GJ 282B
Gl 283A,GJ 283A
Gl 283B,GJ 283B
Gl 284,GJ 284
Gl 285,GJ 285
Gl 285.1,GJ 285.1
Gl 286,GJ 286
Gl 287,GJ 287
Gl 288A,GJ 288A
Gl 288B,GJ 288B
Gl 289,GJ 289
Gl 290,GJ 290
Gl 291A,GJ 291A
Gl 291B,GJ 291B
Gl 291.1,GJ 291.1
Gl 292A,GJ 292A
Gl 292B,GJ 292B
Gl 292.1,GJ 292.1
Gl 292.2,GJ 292.2
Gl 293,GJ 293
Gl 293.1A,GJ 293.1A
Gl 293.1B,GJ 293.1B
Gl 293.2,GJ 293.2
Gl 294B,GJ 294B
Gl 294C,GJ 294C
Gl 294A,GJ 294A
Gl 295,GJ 295
Gl 295.1,GJ 295.1
Gl 296,GJ 296
Gl 296.1,GJ 296.1
Gl 296.2,GJ 296.2
Gl 297.1,GJ 297.1
Gl 297.2A,GJ 297.2A
Gl 297.2B,GJ 297.2B
Gl 298,GJ 298
Gl 299,GJ 299
Gl 300,GJ 300
Gl 301A,GJ 301A
Gl 301B,GJ 301B
Gl 301.1,GJ 301.1
Gl 302,GJ 302
Gl 303,GJ 303
Gl 304,GJ 304
Gl 305,GJ 305
Gl 305.1,GJ 305.1
Gl 306,GJ 306
Gl 306.1,GJ 306.1
Gl 307.1,GJ 307.1
Gl 308A,GJ 308A
Gl 308B,GJ 308B
Gl 308.1,GJ 308.1
Gl 308.3,GJ 308.3
Gl 309,GJ 309
Gl 310,GJ 310
Gl 310.1A,GJ 310.1A
Gl 310.1B,GJ 310.1B
Gl 311,GJ 311
Gl 312,GJ 312
Gl 314A,GJ 314A
Gl 314B,GJ 314B
Gl 315,GJ 315
Gl 316,GJ 316
Gl 316.1,GJ 316.1
Gl 317,GJ 317
Gl 318,GJ 318
Gl 318.1,GJ 318.1
Gl 319C,GJ 319C
Gl 319A,GJ 319A
Gl 319B,GJ 319B
Gl 319.1B,GJ 319.1B
Gl 319.1A,GJ 319.1A
Gl 320,GJ 320
Gl 321,GJ 321
Gl 321.1,GJ 321.1
Gl 321.2,GJ 321.2
Gl 321.3A,GJ 321.3A
Gl 321.3B,GJ 321.3B
Gl 321.3C,GJ 321.3C
Gl 321.3D,GJ 321.3D
Gl 322,GJ 322
Gl 323A,GJ 323A
Gl 323B,GJ 323B
Gl 324A,GJ 324A
Gl 324B,GJ 324B
Gl 325A,GJ 325A
Gl 325B,GJ 325B
Gl 326A,GJ 326A
Gl 326B,GJ 326B
Gl 327,GJ 327
Gl 328,GJ 328
Gl 329,GJ 329
Gl 330,GJ 330
Gl 330.1,GJ 330.1
Gl 331A,GJ 331A
Gl 331B,GJ 331B
Gl 331C,GJ 331C
Gl 332A,GJ 332A
Gl 332B,GJ 332B
Gl 333,GJ 333
Gl 333.1,GJ 333.1
Gl 333.2A,GJ 333.2A
Gl 333.2B,GJ 333.2B
Gl 333.3,GJ 333.3
Gl 334,GJ 334
Gl 334.1,GJ 334.1
Gl 334.2,GJ 334.2
Gl 335A,GJ 335A
Gl 335B,GJ 335B
Gl 336,GJ 336
Gl 336.1,GJ 336.1
Gl 336.2A,GJ 336.2A
Gl 336.2B,GJ 336.2B
Gl 337A,GJ 337A
Gl 337B,GJ 337B
Gl 337.1,GJ 337.1
Gl 338A,GJ 338A
Gl 338B,GJ 338B
Gl 338.1A,GJ 338.1A
Gl 338.1B,GJ 338.1B
Gl 339AB,GJ 339AB
Gl 339.1,GJ 339.1
Gl 339.3,GJ 339.3
Gl 340A,GJ 340A
Gl 340B,GJ 340B
Gl 340.1A,GJ 340.1A
Gl 340.1B,GJ 340.1B
Gl 340.2,GJ 340.2
Gl 340.3,GJ 340.3
Gl 341,GJ 341
Gl 341.1,GJ 341.1
Gl 342,GJ 342
Gl 343,GJ 343
Gl 343.1,GJ 343.1
Gl 344A,GJ 344A
Gl 344B,GJ 344B
Gl 346,GJ 346
Gl 347A,GJ 347A
Gl 347B,GJ 347B
Gl 348B,GJ 348B
Gl 348A,GJ 348A
Gl 349,GJ 349
Gl 351A,GJ 351A
Gl 351B,GJ 351B
Gl 351.1,GJ 351.1
Gl 352A,GJ 352A
Gl 352B,GJ 352B
Gl 353,GJ 353
Gl 354A,GJ 354A
Gl 354B,GJ 354B
Gl 354.1B,GJ 354.1B
Gl 354.1A,GJ 354.1A
Gl 355,GJ 355
Gl 355.1,GJ 355.1
Gl 355.2,GJ 355.2
Gl 356A,GJ 356A
Gl 356B,GJ 356B
Gl 357,GJ 357
Gl 358,GJ 358
Gl 359,GJ 359
Gl 360,GJ 360
Gl 361,GJ 361
Gl 362,GJ 362
Gl 363,GJ 363
Gl 364,GJ 364
Gl 365,GJ 365
Gl 366,GJ 366
Gl 366.1A,GJ 366.1A
Gl 366.1B,GJ 366.1B
Gl 367,GJ 367
Gl 368,GJ 368
Gl 368.1A,GJ 368.1A
Gl 368.1B,GJ 368.1B
Gl 369,GJ 369
Gl 370,GJ 370
Gl 371,GJ 371
Gl 372,GJ 372
Gl 373,GJ 373
Gl 374,GJ 374
Gl 375,GJ 375
Gl 375.1,GJ 375.1
Gl 376,GJ 376
Gl 377,GJ 377
Gl 378,GJ 378
Gl 378.1,GJ 378.1
Gl 378.2,GJ 378.2
Gl 378.3,GJ 378.3
Gl 379A,GJ 379A
Gl 379B,GJ 379B
Gl 379.1A,GJ 379.1A
Gl 379.1B,GJ 379.1B
Gl 379.2,GJ 379.2
Gl 380,GJ 380
Gl 381,GJ 381
Gl 382,GJ 382
Gl 383,GJ 383
Gl 383.1,GJ 383.1
Gl 384A,GJ 384A
Gl 384B,GJ 384B
Gl 385,GJ 385
Gl 385.1,GJ 385.1
Gl 386,GJ 386
Gl 387A,GJ 387A
Gl 387B,GJ 387B
Gl 388,GJ 388
Gl 388.1,GJ 388.1
Gl 388.2,GJ 388.2
Gl 389A,GJ 389A
Gl 389B,GJ 389B
Gl 389.1,GJ 389.1
Gl 390,GJ 390
Gl 391,GJ 391
Gl 392A,GJ 392A
Gl 392B,GJ 392B
Gl 392.1,GJ 392.1
Gl 393,GJ 393
Gl 394,GJ 394
Gl 395,GJ 395
Gl 396,GJ 396
Gl 397,GJ 397
Gl 397.1A,GJ 397.1A
Gl 397.1B,GJ 397.1B
Gl 397.2,GJ 397.2
Gl 398,GJ 398
Gl 398.1,GJ 398.1
Gl 399,GJ 399
Gl 400A,GJ 400A
Gl 400B,GJ 400B
Gl 401A,GJ 401A
Gl 401B,GJ 401B
Gl 402,GJ 402
Gl 402.1,GJ 402.1
Gl 403,GJ 403
Gl 403.1,GJ 403.1
Gl 404,GJ 404
Gl 404.1,GJ 404.1
Gl 405,GJ 405
Gl 406,GJ 406
Gl 406.1,GJ 406.1
Gl 407,GJ 407
Gl 408,GJ 408
Gl 409,GJ 409
Gl 410,GJ 410
Gl 411,GJ 411
Gl 412B,GJ 412B
Gl 412A,GJ 412A
Gl 412.1,GJ 412.1
Gl 412.2,GJ 412.2
Gl 412.3,GJ 412.3
Gl 413.1,GJ 413.1
Gl 414B,GJ 414B
Gl 414A,GJ 414A
Gl 414.1A,GJ 414.1A
Gl 414.1B,GJ 414.1B
Gl 415,GJ 415
Gl 416,GJ 416
Gl 416.1,GJ 416.1
Gl 417,GJ 417
Gl 418,GJ 418
Gl 419,GJ 419
Gl 420A,GJ 420A
Gl 420B,GJ 420B
Gl 421B,GJ 421B
Gl 421A,GJ 421A
Gl 421C,GJ 421C
Gl 421.1B,GJ 421.1B
Gl 421.1A,GJ 421.1A
Gl 422,GJ 422
Gl 423A,GJ 423A
Gl 423B,GJ 423B
Gl 423.1,GJ 423.1
Gl 424,GJ 424
Gl 425A,GJ 425A
Gl 425B,GJ 425B
Gl 426A,GJ 426A
Gl 426B,GJ 426B
Gl 427,GJ 427
Gl 428A,GJ 428A
Gl 428B,GJ 428B
Gl 429A,GJ 429A
Gl 429B,GJ 429B
Gl 429.2,GJ 429.2
Gl 429.3,GJ 429.3
Gl 429.4,GJ 429.4
Gl 430,GJ 430
Gl 430.1,GJ 430.1
Gl 431,GJ 431
Gl 431.1A,GJ 431.1A
Gl 431.1B,GJ 431.1B
Gl 432A,GJ 432A
Gl 432B,GJ 432B
Gl 433,GJ 433
Gl 433.1,GJ 433.1
Gl 433.2B,GJ 433.2B
Gl 433.2A,GJ 433.2A
Gl 434,GJ 434
Gl 435,GJ 435
Gl 435.1,GJ 435.1
Gl 436,GJ 436
Gl 438,GJ 438
Gl 439,GJ 439
Gl 440,GJ 440
Gl 441,GJ 441
Gl 442A,GJ 442A
Gl 442B,GJ 442B
Gl 443,GJ 443
Gl 444A,GJ 444A
Gl 444B,GJ 444B
Gl 445,GJ 445
Gl 446,GJ 446
Gl 447,GJ 447
Gl 448,GJ 448
Gl 449,GJ 449
Gl 450,GJ 450
Gl 451A,GJ 451A
Gl 451B,GJ 451B
Gl 452B,GJ 452B
Gl 452A,GJ 452A
Gl 452.1,GJ 452.1
Gl 452.2A,GJ 452.2A
Gl 452.2B,GJ 452.2B
Gl 452.3B,GJ 452.3B
Gl 452.3A,GJ 452.3A
Gl 452.4,GJ 452.4
Gl 452.5A,GJ 452.5A
Gl 452.5B,GJ 452.5B
Gl 453,GJ 453
Gl 454,GJ 454
Gl 454.1,GJ 454.1
Gl 454.2A,GJ 454.2A
Gl 454.2B,GJ 454.2B
Gl 454.3,GJ 454.3
Gl 455,GJ 455
Gl 455.1,GJ 455.1
Gl 455.2,GJ 455.2
Gl 455.3,GJ 455.3
Gl 456,GJ 456
Gl 456.1B,GJ 456.1B
Gl 456.1A,GJ 456.1A
Gl 457,GJ 457
Gl 458B,GJ 458B
Gl 458A,GJ 458A
Gl 458.1AB,GJ 458.1AB
Gl 458.2,GJ 458.2
Gl 459,GJ 459
Gl 459.2,GJ 459.2
Gl 459.3,GJ 459.3
Gl 460,GJ 460
Gl 461AB,GJ 461AB
Gl 462,GJ 462
Gl 463,GJ 463
Gl 464,GJ 464
Gl 464.1,GJ 464.1
Gl 465,GJ 465
Gl 468,GJ 468
Gl 469,GJ 469
Gl 469.1,GJ 469.1
Gl 469.2A,GJ 469.2A
Gl 469.2B,GJ 469.2B
Gl 471,GJ 471
Gl 471.2,GJ 471.2
Gl 472,GJ 472
Gl 473A,GJ 473A
Gl 473B,GJ 473B
Gl 474,GJ 474
Gl 475,GJ 475
Gl 476,GJ 476
Gl 477,GJ 477
Gl 478,GJ 478
Gl 479,GJ 479
Gl 479.1,GJ 479.1
Gl 480,GJ 480
Gl 480.1,GJ 480.1
Gl 481,GJ 481
Gl 482A,GJ 482A
Gl 482B,GJ 482B
Gl 483,GJ 483
Gl 484,GJ 484
Gl 485,GJ 485
Gl 486,GJ 486
Gl 486.1,GJ 486.1
Gl 487,GJ 487
Gl 488,GJ 488
Gl 488.1,GJ 488.1
Gl 488.2B,GJ 488.2B
Gl 488.2A,GJ 488.2A
Gl 489,GJ 489
Gl 490A,GJ 490A
Gl 490B,GJ 490B
Gl 491A,GJ 491A
Gl 491B,GJ 491B
Gl 492,GJ 492
Gl 493,GJ 493
Gl 493.1,GJ 493.1
Gl 494,GJ 494
Gl 496A,GJ 496A
Gl 496B,GJ 496B
Gl 496.1,GJ 496.1
Gl 498,GJ 498
Gl 499A,GJ 499A
Gl 499B,GJ 499B
Gl 499.1,GJ 499.1
Gl 500,GJ 500
Gl 501A,GJ 501A
Gl 501B,GJ 501B
Gl 501.1,GJ 501.1
Gl 501.2,GJ 501.2
Gl 502,GJ 502
Gl 503AB,GJ 503AB
Gl 503.2,GJ 503.2
Gl 503.3,GJ 503.3
Gl 504,GJ 504
Gl 505A,GJ 505A
Gl 505B,GJ 505B
Gl 506,GJ 506
Gl 506.2,GJ 506.2
Gl 507A,GJ 507A
Gl 507B,GJ 507B
Gl 507.1,GJ 507.1
Gl 508A,GJ 508A
Gl 508B,GJ 508B
Gl 508.1,GJ 508.1
Gl 508.2,GJ 508.2
Gl 508.3,GJ 508.3
Gl 509A,GJ 509A
Gl 509B,GJ 509B
Gl 509.1,GJ 509.1
Gl 510,GJ 510
Gl 511,GJ 511
Gl 511.1,GJ 511.1
Gl 511.2,GJ 511.2
Gl 512A,GJ 512A
Gl 512B,GJ 512B
Gl 512.1,GJ 512.1
Gl 513,GJ 513
Gl 514,GJ 514
Gl 514.1,GJ 514.1
Gl 515,GJ 515
Gl 516A,GJ 516A
Gl 516B,GJ 516B
Gl 517,GJ 517
Gl 518,GJ 518
Gl 518.1,GJ 518.1
Gl 518.2A,GJ 518.2A
Gl 518.2B,GJ 518.2B
Gl 519,GJ 519
Gl 520A,GJ 520A
Gl 520B,GJ 520B
Gl 520C,GJ 520C
Gl 521,GJ 521
Gl 521.1,GJ 521.1
Gl 521.2B,GJ 521.2B
Gl 521.2A,GJ 521.2A
Gl 522,GJ 522
Gl 524,GJ 524
Gl 524.1,GJ 524.1
Gl 525,GJ 525
Gl 525.1,GJ 525.1
Gl 526,GJ 526
Gl 527A,GJ 527A
Gl 527B,GJ 527B
Gl 528A,GJ 528A
Gl 528B,GJ 528B
Gl 529,GJ 529
Gl 530,GJ 530
Gl 531,GJ 531
Gl 532,GJ 532
Gl 533,GJ 533
Gl 533.1,GJ 533.1
Gl 534,GJ 534
Gl 534.1A,GJ 534.1A
Gl 534.1B,GJ 534.1B
Gl 534.2,GJ 534.2
Gl 534.3,GJ 534.3
Gl 535,GJ 535
Gl 536,GJ 536
Gl 536.1A,GJ 536.1A
Gl 536.1B,GJ 536.1B
Gl 537A,GJ 537A
Gl 537B,GJ 537B
Gl 538,GJ 538
Gl 538.1,GJ 538.1
Gl 539,GJ 539
Gl 539.1,GJ 539.1
Gl 539.2,GJ 539.2
Gl 540,GJ 540
Gl 540.1,GJ 540.1
Gl 540.2,GJ 540.2
Gl 540.3,GJ 540.3
Gl 541,GJ 541
Gl 541.1,GJ 541.1
Gl 541.2,GJ 541.2
Gl 542,GJ 542
Gl 542.1A,GJ 542.1A
Gl 542.1B,GJ 542.1B
Gl 542.2,GJ 542.2
Gl 543,GJ 543
Gl 544A,GJ 544A
Gl 544B,GJ 544B
Gl 545,GJ 545
Gl 545.1,GJ 545.1
Gl 546,GJ 546
Gl 547,GJ 547
Gl 548B,GJ 548B
Gl 548A,GJ 548A
Gl 549A,GJ 549A
Gl 549B,GJ 549B
Gl 550,GJ 550
Gl 550.1,GJ 550.1
Gl 550.2A,GJ 550.2A
Gl 550.2B,GJ 550.2B
Gl 550.3,GJ 550.3
Gl 551,GJ 551
Gl 552,GJ 552
Gl 552.1,GJ 552.1
Gl 553,GJ 553
Gl 553.1,GJ 553.1
Gl 554,GJ 554
Gl 555,GJ 555
Gl 556,GJ 556
Gl 557,GJ 557
Gl 558,GJ 558
Gl 558.1,GJ 558.1
Gl 559A,GJ 559A
Gl 559B,GJ 559B
Gl 559.1,GJ 559.1
Gl 560A,GJ 560A
Gl 560B,GJ 560B
Gl 561,GJ 561
Gl 561.1B,GJ 561.1B
Gl 561.1A,GJ 561.1A
Gl 562,GJ 562
Gl 563.1,GJ 563.1
Gl 563.2B,GJ 563.2B
Gl 563.2A,GJ 563.2A
Gl 563.3,GJ 563.3
Gl 563.4,GJ 563.4
Gl 564,GJ 564
Gl 564.1,GJ 564.1
Gl 565,GJ 565
Gl 566A,GJ 566A
Gl 566B,GJ 566B
Gl 567,GJ 567
Gl 568A,GJ 568A
Gl 568B,GJ 568B
Gl 569AB,GJ 569AB
Gl 569.1,GJ 569.1
Gl 570B,GJ 570B
Gl 570A,GJ 570A
Gl 570.1,GJ 570.1
Gl 570.2,GJ 570.2
Gl 571,GJ 571
Gl 571.1,GJ 571.1
Gl 572,GJ 572
Gl 574,GJ 574
Gl 575A,GJ 575A
Gl 575B,GJ 575B
Gl 575.1,GJ 575.1
Gl 576,GJ 576
Gl 577,GJ 577
Gl 578,GJ 578
Gl 579,GJ 579
Gl 579.2B,GJ 579.2B
Gl 579.2A,GJ 579.2A
Gl 579.3,GJ 579.3
Gl 579.4,GJ 579.4
Gl 580A,GJ 580A
Gl 580B,GJ 580B
Gl 580.1,GJ 580.1
Gl 580.2,GJ 580.2
Gl 581,GJ 581
Gl 582,GJ 582
Gl 582.1A,GJ 582.1A
Gl 582.1B,GJ 582.1B
Gl 583,GJ 583
Gl 584A,GJ 584A
Gl 584B,GJ 584B
Gl 585,GJ 585
Gl 585.1,GJ 585.1
Gl 586C,GJ 586C
Gl 586A,GJ 586A
Gl 586B,GJ 586B
Gl 587,GJ 587
Gl 587.1,GJ 587.1
Gl 588,GJ 588
Gl 588.1,GJ 588.1
Gl 589A,GJ 589A
Gl 589B,GJ 589B
Gl 590,GJ 590
Gl 591,GJ 591
Gl 592,GJ 592
Gl 593A,GJ 593A
Gl 593B,GJ 593B
Gl 594,GJ 594
Gl 595,GJ 595
Gl 596B,GJ 596B
Gl 596A,GJ 596A
Gl 596.1A,GJ 596.1A
Gl 596.1B,GJ 596.1B
Gl 596.2,GJ 596.2
Gl 597,GJ 597
Gl 598,GJ 598
Gl 599A,GJ 599A
Gl 599B,GJ 599B
Gl 599.1,GJ 599.1
Gl 600,GJ 600
Gl 601A,GJ 601A
Gl 602,GJ 602
Gl 603,GJ 603
Gl 604,GJ 604
Gl 604.1,GJ 604.1
Gl 606,GJ 606
Gl 606.1A,GJ 606.1A
Gl 606.1B,GJ 606.1B
Gl 606.2,GJ 606.2
Gl 607,GJ 607
Gl 608,GJ 608
Gl 609,GJ 609
Gl 609.1,GJ 609.1
Gl 609.2,GJ 609.2
Gl 610,GJ 610
Gl 611A,GJ 611A
Gl 611B,GJ 611B
Gl 611.1,GJ 611.1
Gl 611.2,GJ 611.2
Gl 611.3,GJ 611.3
Gl 612,GJ 612
Gl 612.1,GJ 612.1
Gl 613,GJ 613
Gl 614,GJ 614
Gl 615,GJ 615
Gl 615.1A,GJ 615.1A
Gl 615.1B,GJ 615.1B
Gl 615.2C,GJ 615.2C
Gl 615.2A,GJ 615.2A
Gl 615.2B,GJ 615.2B
Gl 616,GJ 616
Gl 616.2,GJ 616.2
Gl 617A,GJ 617A
Gl 617B,GJ 617B
Gl 618A,GJ 618A
Gl 618B,GJ 618B
Gl 618.1,GJ 618.1
Gl 618.4,GJ 618.4
Gl 619,GJ 619
Gl 620,GJ 620
Gl 620.1B,GJ 620.1B
Gl 620.1A,GJ 620.1A
Gl 621,GJ 621
Gl 622,GJ 622
Gl 623,GJ 623
Gl 624,GJ 624
Gl 624.1A,GJ 624.1A
Gl 624.1B,GJ 624.1B
Gl 625,GJ 625
Gl 626,GJ 626
Gl 626.1,GJ 626.1
Gl 626.2,GJ 626.2
Gl 627A,GJ 627A
Gl 627B,GJ 627B
Gl 628,GJ 628
Gl 629,GJ 629
Gl 629.2A,GJ 629.2A
Gl 629.3,GJ 629.3
Gl 630,GJ 630
Gl 630.1B,GJ 630.1B
Gl 630.1A,GJ 630.1A
Gl 631,GJ 631
Gl 632,GJ 632
Gl 632.1,GJ 632.1
Gl 632.2A,GJ 632.2A
Gl 632.2B,GJ 632.2B
Gl 632.3,GJ 632.3
Gl 633,GJ 633
Gl 634,GJ 634
Gl 634.1,GJ 634.1
Gl 635A,GJ 635A
Gl 635B,GJ 635B
Gl 635.1,GJ 635.1
Gl 637,GJ 637
Gl 637.1,GJ 637.1
Gl 638,GJ 638
Gl 638.1,GJ 638.1
Gl 639,GJ 639
Gl 639.2,GJ 639.2
Gl 640,GJ 640
Gl 641,GJ 641
Gl 642,GJ 642
Gl 643,GJ 643
Gl 644A,GJ 644A
Gl 644B,GJ 644B
Gl 644C,GJ 644C
Gl 645,GJ 645
Gl 646A,GJ 646A
Gl 646B,GJ 646B
Gl 647,GJ 647
Gl 648,GJ 648
Gl 649,GJ 649
Gl 649.1A,GJ 649.1A
Gl 649.1B,GJ 649.1B
Gl 649.1C,GJ 649.1C
Gl 650,GJ 650
Gl 651,GJ 651
Gl 652,GJ 652
Gl 653,GJ 653
Gl 654,GJ 654
Gl 654.1,GJ 654.1
Gl 654.2,GJ 654.2
Gl 654.3,GJ 654.3
Gl 654.4,GJ 654.4
Gl 655,GJ 655
Gl 656,GJ 656
Gl 656.1A,GJ 656.1A
Gl 656.1BC,GJ 656.1BC
Gl 657,GJ 657
Gl 659A,GJ 659A
Gl 659B,GJ 659B
Gl 660A,GJ 660A
Gl 660B,GJ 660B
Gl 660.1,GJ 660.1
Gl 661A,GJ 661A
Gl 661B,GJ 661B
Gl 663B,GJ 663B
Gl 663A,GJ 663A
Gl 664,GJ 664
Gl 665.1,GJ 665.1
Gl 666A,GJ 666A
Gl 666B,GJ 666B
Gl 667A,GJ 667A
Gl 667B,GJ 667B
Gl 667C,GJ 667C
Gl 667.1,GJ 667.1
Gl 668.1,GJ 668.1
Gl 669A,GJ 669A
Gl 669B,GJ 669B
Gl 670A,GJ 670A
Gl 670B,GJ 670B
Gl 671,GJ 671
Gl 672,GJ 672
Gl 672.1,GJ 672.1
Gl 673,GJ 673
Gl 673.1,GJ 673.1
Gl 674,GJ 674
Gl 675,GJ 675
Gl 676B,GJ 676B
Gl 676A,GJ 676A
Gl 677A,GJ 677A
Gl 677B,GJ 677B
Gl 678A,GJ 678A
Gl 678B,GJ 678B
Gl 678.1A,GJ 678.1A
Gl 679,GJ 679
Gl 680,GJ 680
Gl 681,GJ 681
Gl 682,GJ 682
Gl 683,GJ 683
Gl 683.1,GJ 683.1
Gl 683.2A,GJ 683.2A
Gl 683.2B,GJ 683.2B
Gl 684A,GJ 684A
Gl 684B,GJ 684B
Gl 685,GJ 685
Gl 686,GJ 686
Gl 686.1A,GJ 686.1A
Gl 686.1B,GJ 686.1B
Gl 686.2,GJ 686.2
Gl 687,GJ 687
Gl 688,GJ 688
Gl 689,GJ 689
Gl 690A,GJ 690A
Gl 690.1,GJ 690.1
Gl 691,GJ 691
Gl 692,GJ 692
Gl 692.1,GJ 692.1
Gl 693,GJ 693
Gl 694,GJ 694
Gl 694.1B,GJ 694.1B
Gl 694.1A,GJ 694.1A
Gl 694.2,GJ 694.2
Gl 695A,GJ 695A
Gl 695B,GJ 695B
Gl 695C,GJ 695C
Gl 695.1,GJ 695.1
Gl 696,GJ 696
Gl 697,GJ 697
Gl 697.1,GJ 697.1
Gl 698,GJ 698
Gl 698.1,GJ 698.1
Gl 699,GJ 699
Gl 699.1,GJ 699.1
Gl 699.2,GJ 699.2
Gl 700.1C,GJ 700.1C
Gl 700.1A,GJ 700.1A
Gl 700.1B,GJ 700.1B
Gl 700.2,GJ 700.2
Gl 701,GJ 701
Gl 702A,GJ 702A
Gl 702B,GJ 702B
Gl 702.1,GJ 702.1
Gl 702.2,GJ 702.2
Gl 703,GJ 703
Gl 704A,GJ 704A
Gl 704B,GJ 704B
Gl 705.1,GJ 705.1
Gl 705.2,GJ 705.2
Gl 706,GJ 706
Gl 707,GJ 707
Gl 708,GJ 708
Gl 708.1,GJ 708.1
Gl 708.2,GJ 708.2
Gl 708.3,GJ 708.3
Gl 708.4,GJ 708.4
Gl 709,GJ 709
Gl 710,GJ 710
Gl 711,GJ 711
Gl 712,GJ 712
Gl 713AB,GJ 713AB
Gl 713.1,GJ 713.1
Gl 714,GJ 714
Gl 715,GJ 715
Gl 716,GJ 716
Gl 717,GJ 717
Gl 718,GJ 718
Gl 719,GJ 719
Gl 720A,GJ 720A
Gl 720B,GJ 720B
Gl 721,GJ 721
Gl 722,GJ 722
Gl 722.1,GJ 722.1
Gl 723,GJ 723
Gl 724,GJ 724
Gl 724.1,GJ 724.1
Gl 725A,GJ 725A
Gl 725B,GJ 725B
Gl 725.1,GJ 725.1
Gl 725.2,GJ 725.2
Gl 725.3,GJ 725.3
Gl 726,GJ 726
Gl 727,GJ 727
Gl 728,GJ 728
Gl 729,GJ 729
Gl 730,GJ 730
Gl 731,GJ 731
Gl 732B,GJ 732B
Gl 732A,GJ 732A
Gl 732.1,GJ 732.1
Gl 734A,GJ 734A
Gl 734B,GJ 734B
Gl 735,GJ 735
Gl 736,GJ 736
Gl 737A,GJ 737A
Gl 737B,GJ 737B
Gl 738A,GJ 738A
Gl 738B,GJ 738B
Gl 739,GJ 739
Gl 740,GJ 740
Gl 740.1,GJ 740.1
Gl 741,GJ 741
Gl 742,GJ 742
Gl 743,GJ 743
Gl 743.1A,GJ 743.1A
Gl 743.1B,GJ 743.1B
Gl 743.2,GJ 743.2
Gl 744,GJ 744
Gl 745B,GJ 745B
Gl 745A,GJ 745A
Gl 746,GJ 746
Gl 747A,GJ 747A
Gl 747B,GJ 747B
Gl 747.1,GJ 747.1
Gl 747.2,GJ 747.2
Gl 747.3,GJ 747.3
Gl 747.4,GJ 747.4
Gl 748,GJ 748
Gl 748.1,GJ 748.1
Gl 748.2A,GJ 748.2A
Gl 748.2B,GJ 748.2B
Gl 750A,GJ 750A
Gl 750B,GJ 750B
Gl 751,GJ 751
Gl 752B,GJ 752B
Gl 752A,GJ 752A
Gl 754,GJ 754
Gl 754.1A,GJ 754.1A
Gl 754.1B,GJ 754.1B
Gl 754.2,GJ 754.2
Gl 755,GJ 755
Gl 755.1,GJ 755.1
Gl 756,GJ 756
Gl 756.1,GJ 756.1
Gl 757,GJ 757
Gl 758,GJ 758
Gl 759,GJ 759
Gl 760,GJ 760
Gl 761.1,GJ 761.1
Gl 761.2,GJ 761.2
Gl 762,GJ 762
Gl 762.1,GJ 762.1
Gl 763,GJ 763
Gl 764,GJ 764
Gl 764.1A,GJ 764.1A
Gl 764.1B,GJ 764.1B
Gl 764.2,GJ 764.2
Gl 765A,GJ 765A
Gl 765B,GJ 765B
Gl 765.1B,GJ 765.1B
Gl 765.1A,GJ 765.1A
Gl 765.2,GJ 765.2
Gl 765.3,GJ 765.3
Gl 765.4A,GJ 765.4A
Gl 765.4B,GJ 765.4B
Gl 766A,GJ 766A
Gl 766B,GJ 766B
Gl 767A,GJ 767A
Gl 767B,GJ 767B
Gl 767.1B,GJ 767.1B
Gl 767.1A,GJ 767.1A
Gl 768,GJ 768
Gl 768.1A,GJ 768.1A
Gl 768.1B,GJ 768.1B
Gl 769,GJ 769
Gl 770,GJ 770
Gl 771A,GJ 771A
Gl 771B,GJ 771B
Gl 772,GJ 772
Gl 773A,GJ 773A
Gl 773B,GJ 773B
Gl 773.2,GJ 773.2
Gl 773.3,GJ 773.3
Gl 773.4,GJ 773.4
Gl 773.6,GJ 773.6
Gl 774A,GJ 774A
Gl 774B,GJ 774B
Gl 775,GJ 775
Gl 775.1,GJ 775.1
Gl 776,GJ 776
Gl 776.1,GJ 776.1
Gl 777A,GJ 777A
Gl 777B,GJ 777B
Gl 778,GJ 778
Gl 779,GJ 779
Gl 779.1,GJ 779.1
Gl 780,GJ 780
Gl 781,GJ 781
Gl 781.1B,GJ 781.1B
Gl 781.1A,GJ 781.1A
Gl 781.2,GJ 781.2
Gl 781.3,GJ 781.3
Gl 782,GJ 782
Gl 783A,GJ 783A
Gl 783B,GJ 783B
Gl 783.2B,GJ 783.2B
Gl 783.2A,GJ 783.2A
Gl 784,GJ 784
Gl 784.2A,GJ 784.2A
Gl 784.2B,GJ 784.2B
Gl 785,GJ 785
Gl 786,GJ 786
Gl 786.1,GJ 786.1
Gl 787,GJ 787
Gl 788,GJ 788
Gl 788.1,GJ 788.1
Gl 790,GJ 790
Gl 791,GJ 791
Gl 791.1A,GJ 791.1A
Gl 791.1B,GJ 791.1B
Gl 791.2,GJ 791.2
Gl 791.3,GJ 791.3
Gl 792,GJ 792
Gl 793,GJ 793
Gl 793.1,GJ 793.1
Gl 794,GJ 794
Gl 794.1,GJ 794.1
Gl 794.2,GJ 794.2
Gl 794.3,GJ 794.3
Gl 795A,GJ 795A
Gl 795B,GJ 795B
Gl 796,GJ 796
Gl 797B,GJ 797B
Gl 797A,GJ 797A
Gl 798,GJ 798
Gl 799A,GJ 799A
Gl 799B,GJ 799B
Gl 799.1,GJ 799.1
Gl 800A,GJ 800A
Gl 800B,GJ 800B
Gl 802,GJ 802
Gl 803,GJ 803
Gl 804,GJ 804
Gl 805,GJ 805
Gl 806,GJ 806
Gl 806.1B,GJ 806.1B
Gl 806.1A,GJ 806.1A
Gl 807,GJ 807
Gl 808,GJ 808
Gl 808.1,GJ 808.1
Gl 808.2,GJ 808.2
Gl 809,GJ 809
Gl 810B,GJ 810B
Gl 810A,GJ 810A
Gl 811,GJ 811
Gl 811.1,GJ 811.1
Gl 812B,GJ 812B
Gl 812A,GJ 812A
Gl 812.1,GJ 812.1
Gl 813,GJ 813
Gl 815A,GJ 815A
Gl 815B,GJ 815B
Gl 816,GJ 816
Gl 816.1A,GJ 816.1A
Gl 816.1B,GJ 816.1B
Gl 816.2A,GJ 816.2A
Gl 816.2B,GJ 816.2B
Gl 817,GJ 817
Gl 818,GJ 818
Gl 818.1A,GJ 818.1A
Gl 818.1B,GJ 818.1B
Gl 818.1C,GJ 818.1C
Gl 819A,GJ 819A
Gl 819B,GJ 819B
Gl 820A,GJ 820A
Gl 820B,GJ 820B
Gl 820.1,GJ 820.1
Gl 821,GJ 821
Gl 822A,GJ 822A
Gl 822B,GJ 822B
Gl 822.1A,GJ 822.1A
Gl 822.1B,GJ 822.1B
Gl 822.1C,GJ 822.1C
Gl 822.2,GJ 822.2
Gl 824,GJ 824
Gl 825,GJ 825
Gl 825.1,GJ 825.1
Gl 825.2,GJ 825.2
Gl 825.3,GJ 825.3
Gl 825.4A,GJ 825.4A
Gl 825.4B,GJ 825.4B
Gl 826,GJ 826
Gl 826.1,GJ 826.1
Gl 826.2,GJ 826.2
Gl 827,GJ 827
Gl 827.1,GJ 827.1
Gl 828A,GJ 828A
Gl 828B,GJ 828B
Gl 828.1,GJ 828.1
Gl 828.2,GJ 828.2
Gl 828.4,GJ 828.4
Gl 828.5,GJ 828.5
Gl 829,GJ 829
Gl 830,GJ 830
Gl 831A,GJ 831A
Gl 831B,GJ 831B
Gl 832,GJ 832
Gl 833,GJ 833
Gl 834A,GJ 834A
Gl 834B,GJ 834B
Gl 835,GJ 835
Gl 835.1,GJ 835.1
Gl 836,GJ 836
Gl 836.1,GJ 836.1
Gl 836.3,GJ 836.3
Gl 836.4,GJ 836.4
Gl 836.5,GJ 836.5
Gl 836.6A,GJ 836.6A
Gl 836.6B,GJ 836.6B
Gl 836.7,GJ 836.7
Gl 836.8,GJ 836.8
Gl 836.9A,GJ 836.9A
Gl 836.9B,GJ 836.9B
Gl 837,GJ 837
Gl 838,GJ 838
Gl 838.1A,GJ 838.1A
Gl 838.1B,GJ 838.1B
Gl 838.2,GJ 838.2
Gl 838.3A,GJ 838.3A
Gl 838.3B,GJ 838.3B
Gl 838.4,GJ 838.4
Gl 838.5,GJ 838.5
Gl 838.6,GJ 838.6
Gl 839,GJ 839
Gl 840,GJ 840
Gl 841A,GJ 841A
Gl 841B,GJ 841B
Gl 842,GJ 842
Gl 842.2,GJ 842.2
Gl 843,GJ 843
Gl 844,GJ 844
Gl 845,GJ 845
Gl 846,GJ 846
Gl 847A,GJ 847A
Gl 847B,GJ 847B
Gl 847.1,GJ 847.1
Gl 848,GJ 848
Gl 848.1C,GJ 848.1C
Gl 848.1B,GJ 848.1B
Gl 848.1A,GJ 848.1A
Gl 848.2,GJ 848.2
Gl 848.4,GJ 848.4
Gl 849,GJ 849
Gl 849.1,GJ 849.1
Gl 850,GJ 850
Gl 851,GJ 851
Gl 851.2,GJ 851.2
Gl 851.3,GJ 851.3
Gl 851.4,GJ 851.4
Gl 851.5,GJ 851.5
Gl 852A,GJ 852A
Gl 852B,GJ 852B
Gl 852.1,GJ 852.1
Gl 853A,GJ 853A
Gl 853B,GJ 853B
Gl 854,GJ 854
Gl 855,GJ 855
Gl 855.1A,GJ 855.1A
Gl 855.1B,GJ 855.1B
Gl 856A,GJ 856A
Gl 856B,GJ 856B
Gl 857,GJ 857
Gl 857.1A,GJ 857.1A
Gl 857.1B,GJ 857.1B
Gl 859A,GJ 859A
Gl 859B,GJ 859B
Gl 860A,GJ 860A
Gl 860B,GJ 860B
Gl 862,GJ 862
Gl 862.1,GJ 862.1
Gl 863,GJ 863
Gl 863.1A,GJ 863.1A
Gl 863.1B,GJ 863.1B
Gl 863.2,GJ 863.2
Gl 863.3,GJ 863.3
Gl 864,GJ 864
Gl 865,GJ 865
Gl 866AB,GJ 866AB
Gl 867A,GJ 867A
Gl 867B,GJ 867B
Gl 867.1A,GJ 867.1A
Gl 867.1B,GJ 867.1B
Gl 867.1C,GJ 867.1C
Gl 868,GJ 868
Gl 869,GJ 869
Gl 871A,GJ 871A
Gl 871B,GJ 871B
Gl 871.2,GJ 871.2
Gl 872A,GJ 872A
Gl 872B,GJ 872B
Gl 873,GJ 873
Gl 874,GJ 874
Gl 875,GJ 875
Gl 875.1,GJ 875.1
Gl 876,GJ 876
Gl 877,GJ 877
Gl 878,GJ 878
Gl 879,GJ 879
Gl 880,GJ 880
Gl 881,GJ 881
Gl 882,GJ 882
Gl 883,GJ 883
Gl 884,GJ 884
Gl 886,GJ 886
Gl 886.1A,GJ 886.1A
Gl 886.1B,GJ 886.1B
Gl 886.2,GJ 886.2
Gl 887,GJ 887
Gl 889B,GJ 889B
Gl 889A,GJ 889A
Gl 889.1,GJ 889.1
Gl 890,GJ 890
Gl 891,GJ 891
Gl 891.1,GJ 891.1
Gl 892,GJ 892
Gl 893.1,GJ 893.1
Gl 893.2A,GJ 893.2A
Gl 893.2B,GJ 893.2B
Gl 893.2C,GJ 893.2C
Gl 893.3B,GJ 893.3B
Gl 893.3A,GJ 893.3A
Gl 893.4,GJ 893.4
Gl 894,GJ 894
Gl 894.1,GJ 894.1
Gl 894.2A,GJ 894.2A
Gl 894.2B,GJ 894.2B
Gl 894.4,GJ 894.4
Gl 894.5,GJ 894.5
Gl 895,GJ 895
Gl 895.1,GJ 895.1
Gl 895.2,GJ 895.2
Gl 895.3,GJ 895.3
Gl 895.4,GJ 895.4
Gl 896A,GJ 896A
Gl 896B,GJ 896B
Gl 897A,GJ 897A
Gl 897B,GJ 897B
Gl 898,GJ 898
Gl 899,GJ 899
Gl 900,GJ 900
Gl 900.1,GJ 900.1
Gl 901,GJ 901
Gl 902,GJ 902
Gl 902.1,GJ 902.1
Gl 903,GJ 903
Gl 904,GJ 904
Gl 904.1A,GJ 904.1A
Gl 904.1B,GJ 904.1B
Gl 905,GJ 905
Gl 905.2B,GJ 905.2B
Gl 905.2A,GJ 905.2A
Gl 906,GJ 906
Gl 907,GJ 907
Gl 907.1AB,GJ 907.1AB
Gl 908,GJ 908
Gl 908.1,GJ 908.1
Gl 909A,GJ 909A
Gl 909B,GJ 909B
Gl 909.1,GJ 909.1
Gl 910,GJ 910
Gl 911,GJ 911
Gl 912,GJ 912
Gl 913,GJ 913
Gl 914A,GJ 914A
Gl 914B,GJ 914B
Gl 915,GJ 915
GJ 1001,GJ 1001
GJ 1002,GJ 1002
GJ 1003,GJ 1003
GJ 1004,GJ 1004
GJ 1005AB,GJ 1005AB
GJ 1006A,GJ 1006A
GJ 1006B,GJ 1006B
GJ 1007,GJ 1007
GJ 1008,GJ 1008
GJ 1009,GJ 1009
GJ 1010A,GJ 1010A
GJ 1010B,GJ 1010B
GJ 1011,GJ 1011
GJ 1012,GJ 1012
GJ 1013,GJ 1013
GJ 1014,GJ 1014
GJ 1015A,GJ 1015A
GJ 1015B,GJ 1015B
GJ 1016,GJ 1016
GJ 1017,GJ 1017
GJ 1018,GJ 1018
GJ 1019,GJ 1019
GJ 1020,GJ 1020
GJ 1021,GJ 1021
GJ 1022,GJ 1022
GJ 1023A,GJ 1023A
GJ 1023B,GJ 1023B
GJ 1024,GJ 1024
GJ 1025,GJ 1025
GJ 1026A,GJ 1026A
GJ 1026B,GJ 1026B
GJ 1027,GJ 1027
GJ 1028,GJ 1028
GJ 1029,GJ 1029
GJ 1030,GJ 1030
GJ 1031,GJ 1031
GJ 1032,GJ 1032
GJ 1033,GJ 1033
GJ 1034,GJ 1034
GJ 1035,GJ 1035
GJ 1036,GJ 1036
GJ 1037,GJ 1037
GJ 1038,GJ 1038
GJ 1039,GJ 1039
GJ 1040,GJ 1040
GJ 1041A,GJ 1041A
GJ 1041B,GJ 1041B
GJ 1042,GJ 1042
GJ 1043,GJ 1043
GJ 1044,GJ 1044
GJ 1045,GJ 1045
GJ 1046,GJ 1046
GJ 1047C,GJ 1047C
GJ 1047A,GJ 1047A
GJ 1047B,GJ 1047B
GJ 1048,GJ 1048
GJ 1049,GJ 1049
GJ 1050,GJ 1050
GJ 1051,GJ 1051
GJ 1052,GJ 1052
GJ 1053,GJ 1053
GJ 1054A,GJ 1054A
GJ 1054B,GJ 1054B
GJ 1055,GJ 1055
GJ 1056,GJ 1056
GJ 1057,GJ 1057
GJ 1058,GJ 1058
GJ 1059,GJ 1059
GJ 1060B,GJ 1060B
GJ 1060A,GJ 1060A
GJ 1061,GJ 1061
GJ 1062,GJ 1062
GJ 1063,GJ 1063
GJ 1064A,GJ 1064A
GJ 1064B,GJ 1064B
GJ 1065,GJ 1065
GJ 1066,GJ 1066
GJ 1067,GJ 1067
GJ 1068,GJ 1068
GJ 1069,GJ 1069
GJ 1070,GJ 1070
GJ 1071,GJ 1071
GJ 1072,GJ 1072
GJ 1073,GJ 1073
GJ 1074,GJ 1074
GJ 1075,GJ 1075
GJ 1076,GJ 1076
GJ 1077,GJ 1077
GJ 1078,GJ 1078
GJ 1079,GJ 1079
GJ 1080,GJ 1080
GJ 1081,GJ 1081
GJ 1082,GJ 1082
GJ 1083AB,GJ 1083AB
GJ 1084,GJ 1084
GJ 1085,GJ 1085
GJ 1086,GJ 1086
GJ 1087,GJ 1087
GJ 1088,GJ 1088
GJ 1091,GJ 1091
GJ 1092,GJ 1092
GJ 1093,GJ 1093
GJ 1094,GJ 1094
GJ 1095,GJ 1095
GJ 1096,GJ 1096
GJ 1097,GJ 1097
GJ 1098,GJ 1098
GJ 1099,GJ 1099
GJ 1100,GJ 1100
GJ 1101,GJ 1101
GJ 1102B,GJ 1102B
GJ 1102A,GJ 1102A
GJ 1103B,GJ 1103B
GJ 1103A,GJ 1103A
GJ 1104,GJ 1104
GJ 1105,GJ 1105
GJ 1106,GJ 1106
GJ 1107,GJ 1107
GJ 1108A,GJ 1108A
GJ 1108B,GJ 1108B
GJ 1109,GJ 1109
GJ 1110,GJ 1110
GJ 1111,GJ 1111
GJ 1112,GJ 1112
GJ 1113,GJ 1113
GJ 1114,GJ 1114
GJ 1115,GJ 1115
GJ 1116A,GJ 1116A
GJ 1116B,GJ 1116B
GJ 1117,GJ 1117
GJ 1118,GJ 1118
GJ 1119,GJ 1119
GJ 1120B,GJ 1120B
GJ 1120A,GJ 1120A
GJ 1121,GJ 1121
GJ 1122A,GJ 1122A
GJ 1122B,GJ 1122B
GJ 1123,GJ 1123
GJ 1124,GJ 1124
GJ 1125,GJ 1125
GJ 1126B,GJ 1126B
GJ 1126A,GJ 1126A
GJ 1127,GJ 1127
GJ 1128,GJ 1128
GJ 1129,GJ 1129
GJ 1130A,GJ 1130A
GJ 1130B,GJ 1130B
GJ 1131,GJ 1131
GJ 1132,GJ 1132
GJ 1133,GJ 1133
GJ 1134,GJ 1134
GJ 1135,GJ 1135
GJ 1136A,GJ 1136A
GJ 1136B,GJ 1136B
GJ 1137,GJ 1137
GJ 1138,GJ 1138
GJ 1139,GJ 1139
GJ 1140,GJ 1140
GJ 1141A,GJ 1141A
GJ 1141B,GJ 1141B
GJ 1142A,GJ 1142A
GJ 1142B,GJ 1142B
GJ 1143A,GJ 1143A
GJ 1143B,GJ 1143B
GJ 1144,GJ 1144
GJ 1145,GJ 1145
GJ 1146,GJ 1146
GJ 1147,GJ 1147
GJ 1148,GJ 1148
GJ 1149,GJ 1149
GJ 1150,GJ 1150
GJ 1151,GJ 1151
GJ 1152,GJ 1152
GJ 1153,GJ 1153
GJ 1154AB,GJ 1154AB
GJ 1155A,GJ 1155A
GJ 1155B,GJ 1155B
GJ 1156,GJ 1156
GJ 1157,GJ 1157
GJ 1158,GJ 1158
GJ 1159B,GJ 1159B
GJ 1159A,GJ 1159A
GJ 1160,GJ 1160
GJ 1161A,GJ 1161A
GJ 1161B,GJ 1161B
GJ 1162,GJ 1162
GJ 1163,GJ 1163
GJ 1164A,GJ 1164A
GJ 1164B,GJ 1164B
GJ 1165,GJ 1165
GJ 1166B,GJ 1166B
GJ 1166A,GJ 1166A
GJ 1167A,GJ 1167A
GJ 1168,GJ 1168
GJ 1169,GJ 1169
GJ 1170,GJ 1170
GJ 1171,GJ 1171
GJ 1172,GJ 1172
GJ 1173,GJ 1173
GJ 1174,GJ 1174
GJ 1175,GJ 1175
GJ 1176,GJ 1176
GJ 1177A,GJ 1177A
GJ 1177B,GJ 1177B
GJ 1178,GJ 1178
GJ 1179A,GJ 1179A
GJ 1179B,GJ 1179B
GJ 1180,GJ 1180
GJ 1181AB,GJ 1181AB
GJ 1182,GJ 1182
GJ 1183B,GJ 1183B
GJ 1183A,GJ 1183A
GJ 1184,GJ 1184
GJ 1185,GJ 1185
GJ 1186,GJ 1186
GJ 1187,GJ 1187
GJ 1188,GJ 1188
GJ 1189,GJ 1189
GJ 1190,GJ 1190
GJ 1191,GJ 1191
GJ 1192,GJ 1192
GJ 1193,GJ 1193
GJ 1194B,GJ 1194B
GJ 1194A,GJ 1194A
GJ 1195,GJ 1195
GJ 1196,GJ 1196
GJ 1197,GJ 1197
GJ 1198,GJ 1198
GJ 1199,GJ 1199
GJ 1200,GJ 1200
GJ 1201,GJ 1201
GJ 1202,GJ 1202
GJ 1203,GJ 1203
GJ 1204,GJ 1204
GJ 1205,GJ 1205
GJ 1206,GJ 1206
GJ 1207,GJ 1207
GJ 1208,GJ 1208
GJ 1209,GJ 1209
GJ 1210,GJ 1210
GJ 1211,GJ 1211
GJ 1212,GJ 1212
GJ 1213,GJ 1213
GJ 1214,GJ 1214
GJ 1215,GJ 1215
GJ 1216,GJ 1216
GJ 1217,GJ 1217
GJ 1218,GJ 1218
GJ 1219,GJ 1219
GJ 1220,GJ 1220
GJ 1221,GJ 1221
GJ 1222,GJ 1222
GJ 1223,GJ 1223
GJ 1224,GJ 1224
GJ 1225,GJ 1225
GJ 1226,GJ 1226
GJ 1227,GJ 1227
GJ 1228,GJ 1228
GJ 1229,GJ 1229
GJ 1230A,GJ 1230A
GJ 1230B,GJ 1230B
GJ 1231,GJ 1231
GJ 1232,GJ 1232
GJ 1233,GJ 1233
GJ 1234,GJ 1234
GJ 1235,GJ 1235
GJ 1236,GJ 1236
GJ 1237,GJ 1237
GJ 1238,GJ 1238
GJ 1239,GJ 1239
GJ 1240,GJ 1240
GJ 1241,GJ 1241
GJ 1242,GJ 1242
GJ 1243,GJ 1243
GJ 1244,GJ 1244
GJ 1245B,GJ 1245B
GJ 1245A,GJ 1245A
GJ 1246,GJ 1246
GJ 1247,GJ 1247
GJ 1248,GJ 1248
GJ 1249,GJ 1249
GJ 1250,GJ 1250
GJ 1251,GJ 1251
GJ 1252,GJ 1252
GJ 1253,GJ 1253
GJ 1254,GJ 1254
GJ 1255A,GJ 1255A
GJ 1255B,GJ 1255B
GJ 1255C,GJ 1255C
GJ 1256,GJ 1256
GJ 1257,GJ 1257
GJ 1259,GJ 1259
GJ 1261,GJ 1261
GJ 1262,GJ 1262
GJ 1263,GJ 1263
GJ 1264,GJ 1264
GJ 1265,GJ 1265
GJ 1266,GJ 1266
GJ 1267,GJ 1267
GJ 1268,GJ 1268
GJ 1269A,GJ 1269A
GJ 1269B,GJ 1269B
GJ 1270,GJ 1270
GJ 1271,GJ 1271
GJ 1272A,GJ 1272A
GJ 1272B,GJ 1272B
GJ 1273,GJ 1273
GJ 1274,GJ 1274
GJ 1275,GJ 1275
GJ 1276,GJ 1276
GJ 1277,GJ 1277
GJ 1278,GJ 1278
GJ 1279,GJ 1279
GJ 1280,GJ 1280
GJ 1281,GJ 1281
GJ 1282,GJ 1282
GJ 1283,GJ 1283
GJ 1284,GJ 1284
GJ 1286,GJ 1286
GJ 1288,GJ 1288
GJ 1289,GJ 1289
GJ 1290,GJ 1290
GJ 1291AB,GJ 1291AB
GJ 1292,GJ 1292
GJ 1293,GJ 1293
GJ 1294B,GJ 1294B
GJ 1294A,GJ 1294A
GJ 2003,GJ 2003
GJ 2004,GJ 2004
GJ 2005,GJ 2005
GJ 2010,GJ 2010
GJ 2012,GJ 2012
GJ 2015,GJ 2015
GJ 2017,GJ 2017
GJ 2018,GJ 2018
GJ 2019,GJ 2019
GJ 2020,GJ 2020
GJ 2021,GJ 2021
GJ 2028,GJ 2028
GJ 2030A,GJ 2030A
GJ 2030B,GJ 2030B
GJ 2033,GJ 2033
GJ 2034,GJ 2034
GJ 2035,GJ 2035
GJ 2036A,GJ 2036A
GJ 2036B,GJ 2036B
GJ 2037,GJ 2037
GJ 2039,GJ 2039
GJ 2040,GJ 2040
GJ 2041,GJ 2041
GJ 2043B,GJ 2043B
GJ 2043A,GJ 2043A
GJ 2045,GJ 2045
GJ 2049,GJ 2049
GJ 2057,GJ 2057
GJ 2066,GJ 2066
GJ 2069B,GJ 2069B
GJ 2069A,GJ 2069A
GJ 2070,GJ 2070
GJ 2074,GJ 2074
GJ 2077,GJ 2077
GJ 2079,GJ 2079
GJ 2084AB,GJ 2084AB
GJ 2085,GJ 2085
GJ 2092,GJ 2092
GJ 2095,GJ 2095
GJ 2096,GJ 2096
GJ 2097,GJ 2097
GJ 2102,GJ 2102
GJ 2108,GJ 2108
GJ 2112AB,GJ 2112AB
GJ 2121,GJ 2121
GJ 2128,GJ 2128
GJ 2133,GJ 2133
GJ 2135,GJ 2135
GJ 2138,GJ 2138
GJ 2139,GJ 2139
GJ 2147,GJ 2147
GJ 2149,GJ 2149
GJ 2152,GJ 2152
GJ 2154A,GJ 2154A
GJ 2154B,GJ 2154B
GJ 2155,GJ 2155
GJ 2157,GJ 2157
NN 3001,GJ 3001
NN 3002,GJ 3002
NN 3003,GJ 3003
NN 3004,GJ 3004
NN 3005,GJ 3005
NN 3006,GJ 3006
NN 3007,GJ 3007
NN 3008,GJ 3008
NN 3009,GJ 3009
NN 3010,GJ 3010
NN 3011,GJ 3011
NN 3012,GJ 3012
NN 3013,GJ 3013
NN 3014A,GJ 3014A
NN 3015B,GJ 3015B
NN 3016,GJ 3016
NN 3017,GJ 3017
NN 3018A,GJ 3018A
NN 3019B,GJ 3019B
NN 3020,GJ 3020
NN 3021,GJ 3021
NN 3022,GJ 3022
NN 3023,GJ 3023
NN 3024,GJ 3024
NN 3025,GJ 3025
NN 3026,GJ 3026
NN 3027,GJ 3027
NN 3028,GJ 3028
NN 3029,GJ 3029
NN 3030,GJ 3030
NN 3031,GJ 3031
NN 3032,GJ 3032
NN 3033,GJ 3033
NN 3034,GJ 3034
NN 3035,GJ 3035
NN 3036,GJ 3036
NN 3037,GJ 3037
NN 3038,GJ 3038
NN 3039,GJ 3039
NN 3040,GJ 3040
NN 3041,GJ 3041
NN 3042,GJ 3042
NN 3043,GJ 3043
NN 3044,GJ 3044
NN 3045,GJ 3045
NN 3046,GJ 3046
NN 3047,GJ 3047
NN 3048,GJ 3048
NN 3049,GJ 3049
NN 3050,GJ 3050
NN 3051,GJ 3051
NN 3052,GJ 3052
NN 3053,GJ 3053
NN 3054,GJ 3054
NN 3055,GJ 3055
NN 3056,GJ 3056
NN 3057,GJ 3057
NN 3058,GJ 3058
NN 3059,GJ 3059
NN 3060A,GJ 3060A
NN 3061B,GJ 3061B
NN 3062,GJ 3062
NN 3063,GJ 3063
NN 3064,GJ 3064
NN 3065,GJ 3065
NN 3066,GJ 3066
NN 3067,GJ 3067
NN 3068,GJ 3068
NN 3069,GJ 3069
NN 3070,GJ 3070
NN 3071,GJ 3071
NN 3072,GJ 3072
NN 3073,GJ 3073
NN 3074,GJ 3074
NN 3075,GJ 3075
NN 3076,GJ 3076
NN 3077A,GJ 3077A
NN 3078B,GJ 3078B
NN 3079,GJ 3079
NN 3080,GJ 3080
NN 3081,GJ 3081
NN 3082,GJ 3082
NN 3083,GJ 3083
NN 3084,GJ 3084
NN 3085,GJ 3085
NN 3086A,GJ 3086A
NN 3087B,GJ 3087B
NN 3088,GJ 3088
NN 3089,GJ 3089
NN 3090,GJ 3090
NN 3091A,GJ 3091A
NN 3092B,GJ 3092B
NN 3093A,GJ 3093A
NN 3094B,GJ 3094B
NN 3095,GJ 3095
NN 3096,GJ 3096
NN 3097,GJ 3097
NN 3098,GJ 3098
NN 3099,GJ 3099
NN 3100,GJ 3100
NN 3101,GJ 3101
NN 3102,GJ 3102
NN 3103,GJ 3103
NN 3104,GJ 3104
NN 3105,GJ 3105
NN 3106,GJ 3106
NN 3107,GJ 3107
NN 3108,GJ 3108
NN 3109,GJ 3109
NN 3110,GJ 3110
NN 3111,GJ 3111
NN 3112,GJ 3112
NN 3113,GJ 3113
NN 3114,GJ 3114
NN 3115,GJ 3115
NN 3116,GJ 3116
NN 3117A,GJ 3117A
NN 3118B,GJ 3118B
NN 3119,GJ 3119
NN 3120,GJ 3120
NN 3121,GJ 3121
NN 3122,GJ 3122
NN 3123,GJ 3123
NN 3124,GJ 3124
NN 3125,GJ 3125
NN 3126,GJ 3126
NN 3127,GJ 3127
NN 3128,GJ 3128
NN 3129,GJ 3129
NN 3130,GJ 3130
NN 3131,GJ 3131
NN 3132,GJ 3132
NN 3133,GJ 3133
NN 3134,GJ 3134
NN 3135,GJ 3135
NN 3136,GJ 3136
NN 3137,GJ 3137
NN 3138,GJ 3138
NN 3139,GJ 3139
NN 3140,GJ 3140
NN 3141,GJ 3141
NN 3142,GJ 3142
NN 3143,GJ 3143
NN 3144,GJ 3144
NN 3145,GJ 3145
NN 3146,GJ 3146
NN 3147,GJ 3147
NN 3148A,GJ 3148A
NN 3149B,GJ 3149B
NN 3150,GJ 3150
NN 3151A,GJ 3151A
NN 3152B,GJ 3152B
NN 3153,GJ 3153
NN 3154,GJ 3154
NN 3155,GJ 3155
NN 3156,GJ 3156
NN 3157,GJ 3157
NN 3158,GJ 3158
NN 3159,GJ 3159
NN 3160,GJ 3160
NN 3161,GJ 3161
NN 3162,GJ 3162
NN 3163,GJ 3163
NN 3164,GJ 3164
NN 3165,GJ 3165
NN 3166,GJ 3166
NN 3167,GJ 3167
NN 3168,GJ 3168
NN 3169A,GJ 3169A
NN 3170B,GJ 3170B
NN 3171,GJ 3171
NN 3172,GJ 3172
NN 3173,GJ 3173
NN 3174,GJ 3174
NN 3175,GJ 3175
NN 3176,GJ 3176
NN 3177,GJ 3177
NN 3178A,GJ 3178A
NN 3179B,GJ 3179B
NN 3180,GJ 3180
NN 3181,GJ 3181
NN 3182,GJ 3182
NN 3183,GJ 3183
NN 3184,GJ 3184
NN 3185,GJ 3185
NN 3186,GJ 3186
NN 3187,GJ 3187
NN 3188,GJ 3188
NN 3189,GJ 3189
NN 3190,GJ 3190
NN 3191,GJ 3191
NN 3192A,GJ 3192A
NN 3193B,GJ 3193B
NN 3194A,GJ 3194A
NN 3195B,GJ 3195B
NN 3196A,GJ 3196A
NN 3197B,GJ 3197B
NN 3198,GJ 3198
NN 3199AB,GJ 3199AB
NN 3200,GJ 3200
NN 3201,GJ 3201
NN 3202,GJ 3202
NN 3203,GJ 3203
NN 3204,GJ 3204
NN 3205,GJ 3205
NN 3206,GJ 3206
NN 3207,GJ 3207
NN 3208,GJ 3208
NN 3209,GJ 3209
NN 3210,GJ 3210
NN 3211,GJ 3211
NN 3212,GJ 3212
NN 3213,GJ 3213
NN 3214,GJ 3214
NN 3215,GJ 3215
NN 3216,GJ 3216
NN 3217,GJ 3217
NN 3218,GJ 3218
NN 3219A,GJ 3219A
NN 3220B,GJ 3220B
NN 3221,GJ 3221
NN 3222AB,GJ 3222AB
NN 3223,GJ 3223
NN 3224,GJ 3224
NN 3225,GJ 3225
NN 3226,GJ 3226
NN 3227,GJ 3227
NN 3228A,GJ 3228A
NN 3229B,GJ 3229B
NN 3230A,GJ 3230A
NN 3231B,GJ 3231B
NN 3232,GJ 3232
NN 3233,GJ 3233
NN 3234,GJ 3234
NN 3235,GJ 3235
NN 3236,GJ 3236
NN 3237,GJ 3237
NN 3238,GJ 3238
NN 3239A,GJ 3239A
NN 3240B,GJ 3240B
NN 3241,GJ 3241
NN 3242,GJ 3242
NN 3243,GJ 3243
NN 3244,GJ 3244
NN 3245,GJ 3245
NN 3246,GJ 3246
NN 3247,GJ 3247
NN 3248,GJ 3248
NN 3249,GJ 3249
NN 3250,GJ 3250
NN 3251,GJ 3251
NN 3252,GJ 3252
NN 3253,GJ 3253
NN 3254,GJ 3254
NN 3255,GJ 3255
NN 3256,GJ 3256
NN 3257,GJ 3257
NN 3258,GJ 3258
NN 3259,GJ 3259
NN 3260,GJ 3260
NN 3261,GJ 3261
NN 3262,GJ 3262
NN 3263,GJ 3263
NN 3264,GJ 3264
NN 3265,GJ 3265
NN 3266,GJ 3266
NN 3267,GJ 3267
NN 3268,GJ 3268
NN 3269,GJ 3269
NN 3270,GJ 3270
NN 3271,GJ 3271
NN 3272,GJ 3272
NN 3273,GJ 3273
NN 3274,GJ 3274
NN 3275,GJ 3275
NN 3276,GJ 3276
NN 3277,GJ 3277
NN 3278,GJ 3278
NN 3279,GJ 3279
NN 3280,GJ 3280
NN 3281,GJ 3281
NN 3282A,GJ 3282A
NN 3283B,GJ 3283B
NN 3284,GJ 3284
NN 3285,GJ 3285
NN 3286,GJ 3286
NN 3287,GJ 3287
NN 3288,GJ 3288
NN 3289,GJ 3289
NN 3290,GJ 3290
NN 3291,GJ 3291
NN 3292,GJ 3292
NN 3293,GJ 3293
NN 3294,GJ 3294
NN 3295,GJ 3295
NN 3296,GJ 3296
NN 3297,GJ 3297
NN 3298,GJ 3298
NN 3299AB,GJ 3299AB
NN 3300,GJ 3300
NN 3301AB,GJ 3301AB
NN 3302,GJ 3302
NN 3303,GJ 3303
NN 3304,GJ 3304
NN 3305,GJ 3305
NN 3306,GJ 3306
NN 3307,GJ 3307
NN 3308,GJ 3308
NN 3309,GJ 3309
NN 3310,GJ 3310
NN 3311,GJ 3311
NN 3312,GJ 3312
NN 3313,GJ 3313
NN 3314,GJ 3314
NN 3315,GJ 3315
NN 3316,GJ 3316
NN 3317,GJ 3317
NN 3318,GJ 3318
NN 3319,GJ 3319
NN 3320,GJ 3320
NN 3321,GJ 3321
NN 3322,GJ 3322
NN 3323,GJ 3323
NN 3324,GJ 3324
NN 3325,GJ 3325
NN 3326,GJ 3326
NN 3327,GJ 3327
NN 3328,GJ 3328
NN 3329,GJ 3329
NN 3330,GJ 3330
NN 3331A,GJ 3331A
NN 3332BC,GJ 3332BC
NN 3333,GJ 3333
NN 3334,GJ 3334
NN 3335,GJ 3335
NN 3336,GJ 3336
NN 3337,GJ 3337
NN 3338,GJ 3338
NN 3339,GJ 3339
NN 3340,GJ 3340
NN 3341,GJ 3341
NN 3342A,GJ 3342A
NN 3343B,GJ 3343B
NN 3344,GJ 3344
NN 3345,GJ 3345
NN 3346,GJ 3346
NN 3347A,GJ 3347A
NN 3348B,GJ 3348B
NN 3349,GJ 3349
NN 3350,GJ 3350
NN 3351,GJ 3351
NN 3352,GJ 3352
NN 3353A,GJ 3353A
NN 3354B,GJ 3354B
NN 3355,GJ 3355
NN 3356,GJ 3356
NN 3357,GJ 3357
NN 3358,GJ 3358
NN 3359,GJ 3359
NN 3360A,GJ 3360A
NN 3361B,GJ 3361B
NN 3362,GJ 3362
NN 3363,GJ 3363
NN 3364,GJ 3364
NN 3365,GJ 3365
NN 3366,GJ 3366
NN 3367,GJ 3367
NN 3368,GJ 3368
NN 3369,GJ 3369
NN 3370,GJ 3370
NN 3371A,GJ 3371A
NN 3372B,GJ 3372B
NN 3373A,GJ 3373A
NN 3374B,GJ 3374B
NN 3375,GJ 3375
NN 3376AB,GJ 3376AB
NN 3377C,GJ 3377C
NN 3378,GJ 3378
NN 3379,GJ 3379
NN 3380,GJ 3380
NN 3381,GJ 3381
NN 3382,GJ 3382
NN 3383,GJ 3383
NN 3384,GJ 3384
NN 3385,GJ 3385
NN 3386,GJ 3386
NN 3387,GJ 3387
NN 3388,GJ 3388
NN 3389,GJ 3389
NN 3390,GJ 3390
NN 3391,GJ 3391
NN 3392,GJ 3392
NN 3393,GJ 3393
NN 3394,GJ 3394
NN 3395,GJ 3395
NN 3396,GJ 3396
NN 3397,GJ 3397
NN 3398,GJ 3398
NN 3399,GJ 3399
NN 3400A,GJ 3400A
NN 3401B,GJ 3401B
NN 3402,GJ 3402
NN 3403,GJ 3403
NN 3404A,GJ 3404A
NN 3405B,GJ 3405B
NN 3406A,GJ 3406A
NN 3407B,GJ 3407B
NN 3408A,GJ 3408A
NN 3409B,GJ 3409B
NN 3410,GJ 3410
NN 3411,GJ 3411
NN 3412AB,GJ 3412AB
NN 3413,GJ 3413
NN 3414,GJ 3414
NN 3415A,GJ 3415A
NN 3416B,GJ 3416B
NN 3417,GJ 3417
NN 3418,GJ 3418
NN 3419,GJ 3419
NN 3420,GJ 3420
NN 3421,GJ 3421
NN 3422,GJ 3422
NN 3423,GJ 3423
NN 3424,GJ 3424
NN 3425,GJ 3425
NN 3426,GJ 3426
NN 3427,GJ 3427
NN 3428,GJ 3428
NN 3429,GJ 3429
NN 3430A,GJ 3430A
NN 3431B,GJ 3431B
NN 3432,GJ 3432
NN 3433,GJ 3433
NN 3434,GJ 3434
NN 3435,GJ 3435
NN 3436,GJ 3436
NN 3437,GJ 3437
NN 3438,GJ 3438
NN 3439,GJ 3439
NN 3440,GJ 3440
NN 3441,GJ 3441
NN 3442,GJ 3442
NN 3443,GJ 3443
NN 3444,GJ 3444
NN 3445,GJ 3445
NN 3446,GJ 3446
NN 3447A,GJ 3447A
NN 3448B,GJ 3448B
NN 3449A,GJ 3449A
NN 3450B,GJ 3450B
NN 3451,GJ 3451
NN 3452,GJ 3452
NN 3453,GJ 3453
NN 3454,GJ 3454
NN 3455,GJ 3455
NN 3456,GJ 3456
NN 3457A,GJ 3457A
NN 3458B,GJ 3458B
NN 3459,GJ 3459
NN 3460,GJ 3460
NN 3461,GJ 3461
NN 3462,GJ 3462
NN 3463,GJ 3463
NN 3464,GJ 3464
NN 3465,GJ 3465
NN 3466AB,GJ 3466AB
NN 3467,GJ 3467
NN 3468A,GJ 3468A
NN 3469B,GJ 3469B
NN 3470,GJ 3470
NN 3471,GJ 3471
NN 3472,GJ 3472
NN 3473A,GJ 3473A
NN 3474B,GJ 3474B
NN 3475,GJ 3475
NN 3476,GJ 3476
NN 3477,GJ 3477
NN 3478,GJ 3478
NN 3479,GJ 3479
NN 3480,GJ 3480
NN 3481A,GJ 3481A
NN 3482B,GJ 3482B
NN 3483,GJ 3483
NN 3484,GJ 3484
NN 3485,GJ 3485
NN 3486,GJ 3486
NN 3487,GJ 3487
NN 3488,GJ 3488
NN 3489A,GJ 3489A
NN 3490B,GJ 3490B
NN 3491,GJ 3491
NN 3492,GJ 3492
NN 3493,GJ 3493
NN 3494,GJ 3494
NN 3495,GJ 3495
NN 3496,GJ 3496
NN 3497,GJ 3497
NN 3498,GJ 3498
NN 3499,GJ 3499
NN 3500,GJ 3500
NN 3501A,GJ 3501A
NN 3502B,GJ 3502B
NN 3503,GJ 3503
NN 3504,GJ 3504
NN 3505,GJ 3505
NN 3506,GJ 3506
NN 3507,GJ 3507
NN 3508,GJ 3508
NN 3509,GJ 3509
NN 3510A,GJ 3510A
NN 3511B,GJ 3511B
NN 3512,GJ 3512
NN 3513,GJ 3513
NN 3514,GJ 3514
NN 3515,GJ 3515
NN 3516,GJ 3516
NN 3517,GJ 3517
NN 3518,GJ 3518
NN 3519,GJ 3519
NN 3520,GJ 3520
NN 3521,GJ 3521
NN 3522,GJ 3522
NN 3523,GJ 3523
NN 3524,GJ 3524
NN 3525,GJ 3525
NN 3526,GJ 3526
NN 3527,GJ 3527
NN 3528,GJ 3528
NN 3529,GJ 3529
NN 3530,GJ 3530
NN 3531,GJ 3531
NN 3532,GJ 3532
NN 3533,GJ 3533
NN 3534,GJ 3534
NN 3535,GJ 3535
NN 3536,GJ 3536
NN 3537,GJ 3537
NN 3538,GJ 3538
NN 3539,GJ 3539
NN 3540,GJ 3540
NN 3541,GJ 3541
NN 3542,GJ 3542
NN 3543,GJ 3543
NN 3544,GJ 3544
NN 3545,GJ 3545
NN 3546,GJ 3546
NN 3547,GJ 3547
NN 3548A,GJ 3548A
NN 3549B,GJ 3549B
NN 3550,GJ 3550
NN 3551,GJ 3551
NN 3552,GJ 3552
NN 3553,GJ 3553
NN 3554,GJ 3554
NN 3555,GJ 3555
NN 3556,GJ 3556
NN 3557,GJ 3557
NN 3558,GJ 3558
NN 3559,GJ 3559
NN 3560,GJ 3560
NN 3561,GJ 3561
NN 3562,GJ 3562
NN 3563,GJ 3563
NN 3564,GJ 3564
NN 3565,GJ 3565
NN 3566,GJ 3566
NN 3567,GJ 3567
NN 3568,GJ 3568
NN 3569,GJ 3569
NN 3570,GJ 3570
NN 3571,GJ 3571
NN 3572,GJ 3572
NN 3573,GJ 3573
NN 3574,GJ 3574
NN 3575,GJ 3575
NN 3576,GJ 3576
NN 3577A,GJ 3577A
NN 3578B,GJ 3578B
NN 3579,GJ 3579
NN 3580,GJ 3580
NN 3581,GJ 3581
NN 3582,GJ 3582
NN 3583,GJ 3583
NN 3584,GJ 3584
NN 3585,GJ 3585
NN 3586,GJ 3586
NN 3587,GJ 3587
NN 3588,GJ 3588
NN 3589,GJ 3589
NN 3590,GJ 3590
NN 3591,GJ 3591
NN 3592,GJ 3592
NN 3593,GJ 3593
NN 3594,GJ 3594
NN 3595,GJ 3595
NN 3596,GJ 3596
NN 3597,GJ 3597
NN 3598,GJ 3598
NN 3599,GJ 3599
NN 3600A,GJ 3600A
NN 3601B,GJ 3601B
NN 3602,GJ 3602
NN 3603,GJ 3603
NN 3604,GJ 3604
NN 3605,GJ 3605
NN 3606,GJ 3606
NN 3607,GJ 3607
NN 3608AB,GJ 3608AB
NN 3609C,GJ 3609C
NN 3610A,GJ 3610A
NN 3611B,GJ 3611B
NN 3612,GJ 3612
NN 3613,GJ 3613
NN 3614,GJ 3614
NN 3615,GJ 3615
NN 3616A,GJ 3616A
NN 3617B,GJ 3617B
NN 3618,GJ 3618
NN 3619,GJ 3619
NN 3620,GJ 3620
NN 3621,GJ 3621
NN 3622,GJ 3622
NN 3623,GJ 3623
NN 3624,GJ 3624
NN 3625,GJ 3625
NN 3626,GJ 3626
NN 3627A,GJ 3627A
NN 3628B,GJ 3628B
NN 3629,GJ 3629
NN 3630,GJ 3630
NN 3631,GJ 3631
NN 3632,GJ 3632
NN 3633,GJ 3633
NN 3634,GJ 3634
NN 3635,GJ 3635
NN 3636,GJ 3636
NN 3637,GJ 3637
NN 3638,GJ 3638
NN 3639,GJ 3639
NN 3640,GJ 3640
NN 3641,GJ 3641
NN 3642AB,GJ 3642AB
NN 3643,GJ 3643
NN 3644,GJ 3644
NN 3645,GJ 3645
NN 3646,GJ 3646
NN 3647,GJ 3647
NN 3648,GJ 3648
NN 3649,GJ 3649
NN 3650,GJ 3650
NN 3651,GJ 3651
NN 3652,GJ 3652
NN 3653,GJ 3653
NN 3654,GJ 3654
NN 3655,GJ 3655
NN 3656,GJ 3656
NN 3657,GJ 3657
NN 3658,GJ 3658
NN 3659,GJ 3659
NN 3660A,GJ 3660A
NN 3661B,GJ 3661B
NN 3662,GJ 3662
NN 3663,GJ 3663
NN 3664,GJ 3664
NN 3665,GJ 3665
NN 3666,GJ 3666
NN 3667,GJ 3667
NN 3668,GJ 3668
NN 3669A,GJ 3669A
NN 3670B,GJ 3670B
NN 3671,GJ 3671
NN 3672,GJ 3672
NN 3673,GJ 3673
NN 3674,GJ 3674
NN 3675,GJ 3675
NN 3676,GJ 3676
NN 3677AB,GJ 3677AB
NN 3678,GJ 3678
NN 3679,GJ 3679
NN 3680,GJ 3680
NN 3681,GJ 3681
NN 3682,GJ 3682
NN 3683,GJ 3683
NN 3684,GJ 3684
NN 3685A,GJ 3685A
NN 3686B,GJ 3686B
NN 3687,GJ 3687
NN 3688,GJ 3688
NN 3689A,GJ 3689A
NN 3690B,GJ 3690B
NN 3691,GJ 3691
NN 3692,GJ 3692
NN 3693,GJ 3693
NN 3694,GJ 3694
NN 3695,GJ 3695
NN 3696,GJ 3696
NN 3697,GJ 3697
NN 3698A,GJ 3698A
NN 3699B,GJ 3699B
NN 3700,GJ 3700
NN 3701,GJ 3701
NN 3702,GJ 3702
NN 3703,GJ 3703
NN 3704,GJ 3704
NN 3705,GJ 3705
NN 3706,GJ 3706
NN 3707,GJ 3707
NN 3708A,GJ 3708A
NN 3709B,GJ 3709B
NN 3710,GJ 3710
NN 3711A,GJ 3711A
NN 3712B,GJ 3712B
NN 3713,GJ 3713
NN 3714,GJ 3714
NN 3715,GJ 3715
NN 3716,GJ 3716
NN 3717,GJ 3717
NN 3718,GJ 3718
NN 3719,GJ 3719
NN 3720,GJ 3720
NN 3721,GJ 3721
NN 3722,GJ 3722
NN 3723,GJ 3723
NN 3724,GJ 3724
NN 3725AB,GJ 3725AB
NN 3726C,GJ 3726C
NN 3727A,GJ 3727A
NN 3728B,GJ 3728B
NN 3729,GJ 3729
NN 3730,GJ 3730
NN 3731A,GJ 3731A
NN 3732B,GJ 3732B
NN 3733,GJ 3733
NN 3734,GJ 3734
NN 3735,GJ 3735
NN 3736,GJ 3736
NN 3737,GJ 3737
NN 3738,GJ 3738
NN 3739,GJ 3739
NN 3740,GJ 3740
NN 3741A,GJ 3741A
NN 3742B,GJ 3742B
NN 3743,GJ 3743
NN 3744,GJ 3744
NN 3745,GJ 3745
NN 3746,GJ 3746
NN 3747,GJ 3747
NN 3748,GJ 3748
NN 3749,GJ 3749
NN 3750,GJ 3750
NN 3751,GJ 3751
NN 3752,GJ 3752
NN 3753,GJ 3753
NN 3754,GJ 3754
NN 3755,GJ 3755
NN 3756,GJ 3756
NN 3757,GJ 3757
NN 3758,GJ 3758
NN 3759,GJ 3759
NN 3760,GJ 3760
NN 3761,GJ 3761
NN 3762,GJ 3762
NN 3763,GJ 3763
NN 3764,GJ 3764
NN 3765,GJ 3765
NN 3766,GJ 3766
NN 3767,GJ 3767
NN 3768,GJ 3768
NN 3769,GJ 3769
NN 3770,GJ 3770
NN 3771,GJ 3771
NN 3772,GJ 3772
NN 3773,GJ 3773
NN 3774,GJ 3774
NN 3775,GJ 3775
NN 3776,GJ 3776
NN 3777,GJ 3777
NN 3778,GJ 3778
NN 3779,GJ 3779
NN 3780,GJ 3780
NN 3781A,GJ 3781A
NN 3782B,GJ 3782B
NN 3783A,GJ 3783A
NN 3784B,GJ 3784B
NN 3785,GJ 3785
NN 3786,GJ 3786
NN 3787,GJ 3787
NN 3788,GJ 3788
NN 3789,GJ 3789
NN 3790,GJ 3790
NN 3791,GJ 3791
NN 3792,GJ 3792
NN 3793,GJ 3793
NN 3794,GJ 3794
NN 3795,GJ 3795
NN 3796,GJ 3796
NN 3797,GJ 3797
NN 3798,GJ 3798
NN 3799,GJ 3799
NN 3800,GJ 3800
NN 3801,GJ 3801
NN 3802,GJ 3802
NN 3803AB,GJ 3803AB
NN 3804,GJ 3804
NN 3805,GJ 3805
NN 3806A,GJ 3806A
NN 3807B,GJ 3807B
NN 3808,GJ 3808
NN 3809AB,GJ 3809AB
NN 3810,GJ 3810
NN 3811,GJ 3811
NN 3812,GJ 3812
NN 3813,GJ 3813
NN 3814,GJ 3814
NN 3815,GJ 3815
NN 3816,GJ 3816
NN 3817,GJ 3817
NN 3818,GJ 3818
NN 3819,GJ 3819
NN 3820,GJ 3820
NN 3821,GJ 3821
NN 3822,GJ 3822
NN 3823,GJ 3823
NN 3824,GJ 3824
NN 3825,GJ 3825
NN 3826,GJ 3826
NN 3827,GJ 3827
NN 3828A,GJ 3828A
NN 3829B,GJ 3829B
NN 3830,GJ 3830
NN 3831AB,GJ 3831AB
NN 3832C,GJ 3832C
NN 3833,GJ 3833
NN 3834,GJ 3834
NN 3835,GJ 3835
NN 3836,GJ 3836
NN 3837,GJ 3837
NN 3838,GJ 3838
NN 3839,GJ 3839
NN 3840,GJ 3840
NN 3841,GJ 3841
NN 3842,GJ 3842
NN 3843,GJ 3843
NN 3844,GJ 3844
NN 3845,GJ 3845
NN 3846,GJ 3846
NN 3847,GJ 3847
NN 3848,GJ 3848
NN 3849,GJ 3849
NN 3850,GJ 3850
NN 3851,GJ 3851
NN 3852,GJ 3852
NN 3853,GJ 3853
NN 3854AB,GJ 3854AB
NN 3855,GJ 3855
NN 3856,GJ 3856
NN 3857,GJ 3857
NN 3858,GJ 3858
NN 3859,GJ 3859
NN 3860,GJ 3860
NN 3861,GJ 3861
NN 3862,GJ 3862
NN 3863,GJ 3863
NN 3864A,GJ 3864A
NN 3865B,GJ 3865B
NN 3866,GJ 3866
NN 3867,GJ 3867
NN 3868A,GJ 3868A
NN 3869B,GJ 3869B
NN 3870,GJ 3870
NN 3871,GJ 3871
NN 3872,GJ 3872
NN 3873,GJ 3873
NN 3874,GJ 3874
NN 3875,GJ 3875
NN 3876,GJ 3876
NN 3877,GJ 3877
NN 3878A,GJ 3878A
NN 3879B,GJ 3879B
NN 3880,GJ 3880
NN 3881A,GJ 3881A
NN 3882,GJ 3882
NN 3883,GJ 3883
NN 3884,GJ 3884
NN 3885,GJ 3885
NN 3886,GJ 3886
NN 3887,GJ 3887
NN 3888,GJ 3888
NN 3889,GJ 3889
NN 3890,GJ 3890
NN 3891,GJ 3891
NN 3892,GJ 3892
NN 3893,GJ 3893
NN 3894,GJ 3894
NN 3895,GJ 3895
NN 3896A,GJ 3896A
NN 3897B,GJ 3897B
NN 3898,GJ 3898
NN 3899,GJ 3899
NN 3900,GJ 3900
NN 3901,GJ 3901
NN 3902,GJ 3902
NN 3903A,GJ 3903A
NN 3904B,GJ 3904B
NN 3905,GJ 3905
NN 3906,GJ 3906
NN 3907,GJ 3907
NN 3908,GJ 3908
NN 3909,GJ 3909
NN 3910,GJ 3910
NN 3911,GJ 3911
NN 3912,GJ 3912
NN 3913,GJ 3913
NN 3914,GJ 3914
NN 3915,GJ 3915
NN 3916,GJ 3916
NN 3917,GJ 3917
NN 3918,GJ 3918
NN 3919,GJ 3919
NN 3920,GJ 3920
NN 3921,GJ 3921
NN 3922,GJ 3922
NN 3923,GJ 3923
NN 3924,GJ 3924
NN 3925A,GJ 3925A
NN 3926B,GJ 3926B
NN 3927,GJ 3927
NN 3928,GJ 3928
NN 3929,GJ 3929
NN 3930,GJ 3930
NN 3931,GJ 3931
NN 3932,GJ 3932
NN 3933,GJ 3933
NN 3934,GJ 3934
NN 3935A,GJ 3935A
NN 3936B,GJ 3936B
NN 3937,GJ 3937
NN 3938,GJ 3938
NN 3939,GJ 3939
NN 3940,GJ 3940
NN 3941,GJ 3941
NN 3942,GJ 3942
NN 3943,GJ 3943
NN 3944,GJ 3944
NN 3945,GJ 3945
NN 3946,GJ 3946
NN 3947,GJ 3947
NN 3948,GJ 3948
NN 3949,GJ 3949
NN 3950A,GJ 3950A
NN 3951B,GJ 3951B
NN 3952,GJ 3952
NN 3953,GJ 3953
NN 3954,GJ 3954
NN 3955,GJ 3955
NN 3956,GJ 3956
NN 3957,GJ 3957
NN 3958,GJ 3958
NN 3959,GJ 3959
NN 3960,GJ 3960
NN 3961,GJ 3961
NN 3962,GJ 3962
NN 3963,GJ 3963
NN 3964,GJ 3964
NN 3965,GJ 3965
NN 3966,GJ 3966
NN 3967,GJ 3967
NN 3968,GJ 3968
NN 3969,GJ 3969
NN 3970,GJ 3970
NN 3971,GJ 3971
NN 3972,GJ 3972
NN 3973,GJ 3973
NN 3974,GJ 3974
NN 3975,GJ 3975
NN 3976,GJ 3976
NN 3977,GJ 3977
NN 3978,GJ 3978
NN 3979,GJ 3979
NN 3980,GJ 3980
NN 3981,GJ 3981
NN 3982,GJ 3982
NN 3983,GJ 3983
NN 3984,GJ 3984
NN 3985,GJ 3985
NN 3986,GJ 3986
NN 3987,GJ 3987
NN 3988,GJ 3988
NN 3989,GJ 3989
NN 3990,GJ 3990
NN 3991,GJ 3991
NN 3992,GJ 3992
NN 3993,GJ 3993
NN 3994,GJ 3994
NN 3995AB,GJ 3995AB
NN 3996,GJ 3996
NN 3997,GJ 3997
NN 3998,GJ 3998
NN 3999A,GJ 3999A
NN 4000B,GJ 4000B
NN 4001,GJ 4001
NN 4002,GJ 4002
NN 4003,GJ 4003
NN 4004,GJ 4004
NN 4005,GJ 4005
NN 4006,GJ 4006
NN 4007,GJ 4007
NN 4008,GJ 4008
NN 4009,GJ 4009
NN 4010,GJ 4010
NN 4011,GJ 4011
NN 4012,GJ 4012
NN 4013,GJ 4013
NN 4014,GJ 4014
NN 4015,GJ 4015
NN 4016,GJ 4016
NN 4017,GJ 4017
NN 4018A,GJ 4018A
NN 4019B,GJ 4019B
NN 4020A,GJ 4020A
NN 4021B,GJ 4021B
NN 4022,GJ 4022
NN 4023,GJ 4023
NN 4024,GJ 4024
NN 4025,GJ 4025
NN 4026,GJ 4026
NN 4027,GJ 4027
NN 4028,GJ 4028
NN 4029,GJ 4029
NN 4030,GJ 4030
NN 4031,GJ 4031
NN 4032,GJ 4032
NN 4033,GJ 4033
NN 4034,GJ 4034
NN 4035,GJ 4035
NN 4036,GJ 4036
NN 4037,GJ 4037
NN 4038,GJ 4038
NN 4039AB,GJ 4039AB
NN 4040,GJ 4040
NN 4041,GJ 4041
NN 4042,GJ 4042
NN 4043,GJ 4043
NN 4044,GJ 4044
NN 4045,GJ 4045
NN 4046,GJ 4046
NN 4047,GJ 4047
NN 4048A,GJ 4048A
NN 4049B,GJ 4049B
NN 4050,GJ 4050
NN 4051,GJ 4051
NN 4052,GJ 4052
NN 4053,GJ 4053
NN 4054,GJ 4054
NN 4055,GJ 4055
NN 4056,GJ 4056
NN 4057,GJ 4057
NN 4058,GJ 4058
NN 4059,GJ 4059
NN 4060,GJ 4060
NN 4061,GJ 4061
NN 4062,GJ 4062
NN 4063,GJ 4063
NN 4064,GJ 4064
NN 4065,GJ 4065
NN 4066,GJ 4066
NN 4067,GJ 4067
NN 4068,GJ 4068
NN 4069,GJ 4069
NN 4070,GJ 4070
NN 4071,GJ 4071
NN 4072,GJ 4072
NN 4073,GJ 4073
NN 4074,GJ 4074
NN 4075,GJ 4075
NN 4076,GJ 4076
NN 4077,GJ 4077
NN 4078,GJ 4078
NN 4079,GJ 4079
NN 4080,GJ 4080
NN 4081,GJ 4081
NN 4082,GJ 4082
NN 4083,GJ 4083
NN 4084,GJ 4084
NN 4085A,GJ 4085A
NN 4086B,GJ 4086B
NN 4087,GJ 4087
NN 4088,GJ 4088
NN 4089,GJ 4089
NN 4090A,GJ 4090A
NN 4091B,GJ 4091B
NN 4092,GJ 4092
NN 4093,GJ 4093
NN 4094AB,GJ 4094AB
NN 4095AB,GJ 4095AB
NN 4096,GJ 4096
NN 4097,GJ 4097
NN 4098,GJ 4098
NN 4099,GJ 4099
NN 4100,GJ 4100
NN 4101,GJ 4101
NN 4102,GJ 4102
NN 4103,GJ 4103
NN 4104,GJ 4104
NN 4105,GJ 4105
NN 4106,GJ 4106
NN 4107,GJ 4107
NN 4108,GJ 4108
NN 4109,GJ 4109
NN 4110,GJ 4110
NN 4111,GJ 4111
NN 4112,GJ 4112
NN 4113,GJ 4113
NN 4114A,GJ 4114A
NN 4115B,GJ 4115B
NN 4116,GJ 4116
NN 4117,GJ 4117
NN 4118,GJ 4118
NN 4119,GJ 4119
NN 4120,GJ 4120
NN 4121,GJ 4121
NN 4122,GJ 4122
NN 4123,GJ 4123
NN 4124,GJ 4124
NN 4125,GJ 4125
NN 4126,GJ 4126
NN 4127,GJ 4127
NN 4128,GJ 4128
NN 4129,GJ 4129
NN 4130,GJ 4130
NN 4131,GJ 4131
NN 4132,GJ 4132
NN 4133,GJ 4133
NN 4134,GJ 4134
NN 4135,GJ 4135
NN 4136,GJ 4136
NN 4137,GJ 4137
NN 4138,GJ 4138
NN 4139,GJ 4139
NN 4140,GJ 4140
NN 4141,GJ 4141
NN 4142,GJ 4142
NN 4143,GJ 4143
NN 4144,GJ 4144
NN 4145,GJ 4145
NN 4146,GJ 4146
NN 4147,GJ 4147
NN 4148,GJ 4148
NN 4149,GJ 4149
NN 4150,GJ 4150
NN 4151,GJ 4151
NN 4152,GJ 4152
NN 4153,GJ 4153
NN 4154,GJ 4154
NN 4155,GJ 4155
NN 4156,GJ 4156
NN 4157,GJ 4157
NN 4158,GJ 4158
NN 4159,GJ 4159
NN 4160A,GJ 4160A
NN 4161B,GJ 4161B
NN 4162,GJ 4162
NN 4163,GJ 4163
NN 4164,GJ 4164
NN 4165,GJ 4165
NN 4166,GJ 4166
NN 4167,GJ 4167
NN 4168,GJ 4168
NN 4169,GJ 4169
NN 4170,GJ 4170
NN 4171,GJ 4171
NN 4172,GJ 4172
NN 4173,GJ 4173
NN 4174,GJ 4174
NN 4175,GJ 4175
NN 4176A,GJ 4176A
NN 4177B,GJ 4177B
NN 4178,GJ 4178
NN 4179,GJ 4179
NN 4180,GJ 4180
NN 4181,GJ 4181
NN 4182,GJ 4182
NN 4183,GJ 4183
NN 4184,GJ 4184
NN 4185A,GJ 4185A
NN 4186B,GJ 4186B
NN 4187A,GJ 4187A
NN 4188B,GJ 4188B
NN 4189A,GJ 4189A
NN 4190B,GJ 4190B
NN 4191,GJ 4191
NN 4192,GJ 4192
NN 4193,GJ 4193
NN 4194,GJ 4194
NN 4195,GJ 4195
NN 4196,GJ 4196
NN 4197,GJ 4197
NN 4198,GJ 4198
NN 4199,GJ 4199
NN 4200,GJ 4200
NN 4201,GJ 4201
NN 4202,GJ 4202
NN 4203A,GJ 4203A
NN 4204B,GJ 4204B
NN 4205,GJ 4205
NN 4206,GJ 4206
NN 4207,GJ 4207
NN 4208,GJ 4208
NN 4209,GJ 4209
NN 4210,GJ 4210
NN 4211,GJ 4211
NN 4212,GJ 4212
NN 4213,GJ 4213
NN 4214A,GJ 4214A
NN 4215B,GJ 4215B
NN 4216,GJ 4216
NN 4217,GJ 4217
NN 4218,GJ 4218
NN 4219,GJ 4219
NN 4220,GJ 4220
NN 4221,GJ 4221
NN 4222,GJ 4222
NN 4223,GJ 4223
NN 4224AB,GJ 4224AB
NN 4225,GJ 4225
NN 4226,GJ 4226
NN 4227,GJ 4227
NN 4228,GJ 4228
NN 4229A,GJ 4229A
NN 4230B,GJ 4230B
NN 4231,GJ 4231
NN 4232,GJ 4232
NN 4233,GJ 4233
NN 4234,GJ 4234
NN 4235,GJ 4235
NN 4236,GJ 4236
NN 4237A,GJ 4237A
NN 4238B,GJ 4238B
NN 4239,GJ 4239
NN 4240,GJ 4240
NN 4241,GJ 4241
NN 4242A,GJ 4242A
NN 4243B,GJ 4243B
NN 4244,GJ 4244
NN 4245,GJ 4245
NN 4246,GJ 4246
NN 4247,GJ 4247
NN 4248,GJ 4248
NN 4249,GJ 4249
NN 4250,GJ 4250
NN 4251,GJ 4251
NN 4252,GJ 4252
NN 4253,GJ 4253
NN 4254,GJ 4254
NN 4255,GJ 4255
NN 4256,GJ 4256
NN 4257,GJ 4257
NN 4258AB,GJ 4258AB
NN 4259,GJ 4259
NN 4260,GJ 4260
NN 4261,GJ 4261
NN 4262,GJ 4262
NN 4263,GJ 4263
NN 4264,GJ 4264
NN 4265,GJ 4265
NN 4266,GJ 4266
NN 4267,GJ 4267
NN 4268A,GJ 4268A
NN 4269B,GJ 4269B
NN 4270,GJ 4270
NN 4271,GJ 4271
NN 4272,GJ 4272
NN 4273,GJ 4273
NN 4274,GJ 4274
NN 4275,GJ 4275
NN 4276,GJ 4276
NN 4277A,GJ 4277A
NN 4278B,GJ 4278B
NN 4279,GJ 4279
NN 4280,GJ 4280
NN 4281,GJ 4281
NN 4282,GJ 4282
NN 4283,GJ 4283
NN 4284,GJ 4284
NN 4285,GJ 4285
NN 4286,GJ 4286
NN 4287,GJ 4287
NN 4288A,GJ 4288A
NN 4289B,GJ 4289B
NN 4290,GJ 4290
NN 4291,GJ 4291
NN 4292,GJ 4292
NN 4293,GJ 4293
NN 4294,GJ 4294
NN 4295,GJ 4295
NN 4296,GJ 4296
NN 4297,GJ 4297
NN 4298,GJ 4298
NN 4299,GJ 4299
NN 4300,GJ 4300
NN 4301,GJ 4301
NN 4302,GJ 4302
NN 4303,GJ 4303
NN 4304A,GJ 4304A
NN 4305B,GJ 4305B
NN 4306,GJ 4306
NN 4307,GJ 4307
NN 4308A,GJ 4308A
NN 4309B,GJ 4309B
NN 4310,GJ 4310
NN 4311,GJ 4311
NN 4312,GJ 4312
NN 4313,GJ 4313
NN 4314,GJ 4314
NN 4315AB,GJ 4315AB
NN 4316,GJ 4316
NN 4317,GJ 4317
NN 4318,GJ 4318
NN 4319,GJ 4319
NN 4320,GJ 4320
NN 4321A,GJ 4321A
NN 4322B,GJ 4322B
NN 4323,GJ 4323
NN 4324,GJ 4324
NN 4325,GJ 4325
NN 4326,GJ 4326
NN 4327,GJ 4327
NN 4328,GJ 4328
NN 4329,GJ 4329
NN 4330,GJ 4330
NN 4331,GJ 4331
NN 4332,GJ 4332
NN 4333,GJ 4333
NN 4334,GJ 4334
NN 4335,GJ 4335
NN 4336,GJ 4336
NN 4337A,GJ 4337A
NN 4338B,GJ 4338B
NN 4339,GJ 4339
NN 4340,GJ 4340
NN 4341,GJ 4341
NN 4342,GJ 4342
NN 4343,GJ 4343
NN 4344,GJ 4344
NN 4345,GJ 4345
NN 4346,GJ 4346
NN 4347,GJ 4347
NN 4348,GJ 4348
NN 4349,GJ 4349
NN 4350,GJ 4350
NN 4351,GJ 4351
NN 4352,GJ 4352
NN 4353,GJ 4353
NN 4354,GJ 4354
NN 4355,GJ 4355
NN 4356A,GJ 4356A
NN 4357B,GJ 4357B
NN 4358,GJ 4358
NN 4359,GJ 4359
NN 4360,GJ 4360
NN 4361,GJ 4361
NN 4362,GJ 4362
NN 4363,GJ 4363
NN 4364,GJ 4364
NN 4365,GJ 4365
NN 4366,GJ 4366
NN 4367,GJ 4367
NN 4368,GJ 4368
NN 4369,GJ 4369
NN 4370,GJ 4370
NN 4371,GJ 4371
NN 4372,GJ 4372
NN 4373,GJ 4373
NN 4374,GJ 4374
NN 4375,GJ 4375
NN 4376,GJ 4376
NN 4377,GJ 4377
NN 4378A,GJ 4378A
NN 4379B,GJ 4379B
NN 4380,GJ 4380
NN 4381,GJ 4381
NN 4382,GJ 4382
NN 4383,GJ 4383
NN 4384AB,GJ 4384AB
NN 4385,GJ 4385
NN 4386,GJ 4386
NN 4387,GJ 4387
NN 4388,GJ 4388
Wo 9003,GJ 9003
Wo 9006,GJ 9006
Wo 9008,GJ 9008
Wo 9015A,GJ 9015A
Wo 9015B,GJ 9015B
Wo 9016,GJ 9016
Wo 9024,GJ 9024
Wo 9029B,GJ 9029B
Wo 9029A,GJ 9029A
Wo 9035,GJ 9035
Wo 9036,GJ 9036
Wo 9037,GJ 9037
Wo 9043,GJ 9043
Wo 9046,GJ 9046
Wo 9056,GJ 9056
Wo 9057,GJ 9057
Wo 9059,GJ 9059
Wo 9061A,GJ 9061A
Wo 9061B,GJ 9061B
Wo 9067A,GJ 9067A
Wo 9067B,GJ 9067B
Wo 9073B,GJ 9073B
Wo 9073A,GJ 9073A
Wo 9079,GJ 9079
Wo 9082,GJ 9082
Wo 9083,GJ 9083
Wo 9085,GJ 9085
Wo 9086,GJ 9086
Wo 9087,GJ 9087
Wo 9089,GJ 9089
Wo 9094,GJ 9094
Wo 9099,GJ 9099
Wo 9106,GJ 9106
Wo 9107,GJ 9107
Wo 9111,GJ 9111
Wo 9112,GJ 9112
Wo 9119B,GJ 9119B
Wo 9119A,GJ 9119A
Wo 9120,GJ 9120
Wo 9124,GJ 9124
Wo 9125,GJ 9125
Wo 9126,GJ 9126
Wo 9127,GJ 9127
Wo 9131,GJ 9131
Wo 9132,GJ 9132
Wo 9134,GJ 9134
Wo 9135,GJ 9135
Wo 9141,GJ 9141
Wo 9142,GJ 9142
Wo 9143,GJ 9143
Wo 9155A,GJ 9155A
Wo 9155B,GJ 9155B
Wo 9156,GJ 9156
Wo 9158,GJ 9158
Wo 9160A,GJ 9160A
Wo 9160B,GJ 9160B
Wo 9163AB,GJ 9163AB
Wo 9168,GJ 9168
Wo 9169A,GJ 9169A
Wo 9169B,GJ 9169B
Wo 9175,GJ 9175
Wo 9177,GJ 9177
Wo 9181,GJ 9181
Wo 9185,GJ 9185
Wo 9187,GJ 9187
Wo 9188,GJ 9188
Wo 9189,GJ 9189
Wo 9200,GJ 9200
Wo 9201,GJ 9201
Wo 9202,GJ 9202
Wo 9203,GJ 9203
Wo 9204,GJ 9204
Wo 9205,GJ 9205
Wo 9206,GJ 9206
Wo 9207,GJ 9207
Wo 9209A,GJ 9209A
Wo 9209B,GJ 9209B
Wo 9212A,GJ 9212A
Wo 9212B,GJ 9212B
Wo 9216,GJ 9216
Wo 9219,GJ 9219
Wo 9220A,GJ 9220A
Wo 9220B,GJ 9220B
Wo 9222,GJ 9222
Wo 9224,GJ 9224
Wo 9228,GJ 9228
Wo 9231A,GJ 9231A
Wo 9231B,GJ 9231B
Wo 9234,GJ 9234
Wo 9237,GJ 9237
Wo 9238,GJ 9238
Wo 9242,GJ 9242
Wo 9247,GJ 9247
Wo 9251B,GJ 9251B
Wo 9251A,GJ 9251A
Wo 9256,GJ 9256
Wo 9258,GJ 9258
Wo 9259,GJ 9259
Wo 9269,GJ 9269
Wo 9273,GJ 9273
Wo 9286,GJ 9286
Wo 9287A,GJ 9287A
Wo 9287B,GJ 9287B
Wo 9299,GJ 9299
Wo 9303,GJ 9303
Wo 9309,GJ 9309
Wo 9315,GJ 9315
Wo 9321,GJ 9321
Wo 9322,GJ 9322
Wo 9326,GJ 9326
Wo 9327,GJ 9327
Wo 9329,GJ 9329
Wo 9333,GJ 9333
Wo 9336,GJ 9336
Wo 9340,GJ 9340
Wo 9342,GJ 9342
Wo 9343,GJ 9343
Wo 9350,GJ 9350
Wo 9356,GJ 9356
Wo 9367,GJ 9367
Wo 9376,GJ 9376
Wo 9381,GJ 9381
Wo 9390B,GJ 9390B
Wo 9390A,GJ 9390A
Wo 9393,GJ 9393
Wo 9394,GJ 9394
Wo 9395,GJ 9395
Wo 9397,GJ 9397
Wo 9403,GJ 9403
Wo 9407,GJ 9407
Wo 9417,GJ 9417
Wo 9418,GJ 9418
Wo 9420,GJ 9420
Wo 9421,GJ 9421
Wo 9423,GJ 9423
Wo 9427,GJ 9427
Wo 9428,GJ 9428
Wo 9429,GJ 9429
Wo 9433,GJ 9433
Wo 9448A,GJ 9448A
Wo 9448B,GJ 9448B
Wo 9450,GJ 9450
Wo 9452,GJ 9452
Wo 9453A,GJ 9453A
Wo 9453B,GJ 9453B
Wo 9468,GJ 9468
Wo 9470,GJ 9470
Wo 9472,GJ 9472
Wo 9473,GJ 9473
Wo 9474A,GJ 9474A
Wo 9474B,GJ 9474B
Wo 9486,GJ 9486
Wo 9490C,GJ 9490C
Wo 9490A,GJ 9490A
Wo 9490B,GJ 9490B
Wo 9491,GJ 9491
Wo 9492,GJ 9492
Wo 9493,GJ 9493
Wo 9503,GJ 9503
Wo 9510,GJ 9510
Wo 9512B,GJ 9512B
Wo 9512A,GJ 9512A
Wo 9518,GJ 9518
Wo 9520,GJ 9520
Wo 9531,GJ 9531
Wo 9532,GJ 9532
Wo 9533,GJ 9533
Wo 9535,GJ 9535
Wo 9540C,GJ 9540C
Wo 9540A,GJ 9540A
Wo 9540B,GJ 9540B
Wo 9541A,GJ 9541A
Wo 9541B,GJ 9541B
Wo 9543A,GJ 9543A
Wo 9543B,GJ 9543B
Wo 9543C,GJ 9543C
Wo 9547,GJ 9547
Wo 9551,GJ 9551
Wo 9553,GJ 9553
Wo 9554,GJ 9554
Wo 9557A,GJ 9557A
Wo 9557B,GJ 9557B
Wo 9566,GJ 9566
Wo 9572,GJ 9572
Wo 9574,GJ 9574
Wo 9577,GJ 9577
Wo 9578,GJ 9578
Wo 9581,GJ 9581
Wo 9582B,GJ 9582B
Wo 9582A,GJ 9582A
Wo 9584A,GJ 9584A
Wo 9584B,GJ 9584B
Wo 9584C,GJ 9584C
Wo 9593A,GJ 9593A
Wo 9593B,GJ 9593B
Wo 9599,GJ 9599
Wo 9600,GJ 9600
Wo 9605,GJ 9605
Wo 9608,GJ 9608
Wo 9615A,GJ 9615A
Wo 9615B,GJ 9615B
Wo 9624,GJ 9624
Wo 9629,GJ 9629
Wo 9630,GJ 9630
Wo 9637,GJ 9637
Wo 9638,GJ 9638
Wo 9639,GJ 9639
Wo 9641,GJ 9641
Wo 9643,GJ 9643
Wo 9648A,GJ 9648A
Wo 9648B,GJ 9648B
Wo 9652B,GJ 9652B
Wo 9652A,GJ 9652A
Wo 9657A,GJ 9657A
Wo 9657B,GJ 9657B
Wo 9659,GJ 9659
Wo 9661,GJ 9661
Wo 9664A,GJ 9664A
Wo 9664B,GJ 9664B
Wo 9666,GJ 9666
Wo 9672,GJ 9672
Wo 9674,GJ 9674
Wo 9677A,GJ 9677A
Wo 9677B,GJ 9677B
Wo 9691,GJ 9691
Wo 9697B,GJ 9697B
Wo 9697A,GJ 9697A
Wo 9706,GJ 9706
Wo 9713,GJ 9713
Wo 9714,GJ 9714
Wo 9716,GJ 9716
Wo 9720,GJ 9720
Wo 9721A,GJ 9721A
Wo 9721B,GJ 9721B
Wo 9722,GJ 9722
Wo 9723,GJ 9723
Wo 9724,GJ 9724
Wo 9725,GJ 9725
Wo 9726,GJ 9726
Wo 9732,GJ 9732
Wo 9733A,GJ 9733A
Wo 9733B,GJ 9733B
Wo 9735,GJ 9735
Wo 9747,GJ 9747
Wo 9754,GJ 9754
Wo 9757,GJ 9757
Wo 9758,GJ 9758
Wo 9763,GJ 9763
Wo 9771,GJ 9771
Wo 9773,GJ 9773
Wo 9775,GJ 9775
Wo 9779,GJ 9779
Wo 9780,GJ 9780
Wo 9782A,GJ 9782A
Wo 9782B,GJ 9782B
Wo 9784,GJ 9784
Wo 9787,GJ 9787
Wo 9791,GJ 9791
Wo 9793,GJ 9793
Wo 9796,GJ 9796
Wo 9797,GJ 9797
Wo 9798,GJ 9798
Wo 9800A,GJ 9800A
Wo 9800B,GJ 9800B
Wo 9801B,GJ 9801B
Wo 9801A,GJ 9801A
Wo 9802,GJ 9802
Wo 9808,GJ 9808
Wo 9809,GJ 9809
Wo 9812A,GJ 9812A
Wo 9812B,GJ 9812B
Wo 9818,GJ 9818
Wo 9819,GJ 9819
Wo 9821,GJ 9821
Wo 9822,GJ 9822
Wo 9826,GJ 9826
Wo 9827,GJ 9827
Wo 9829,GJ 9829
Wo 9830,GJ 9830
Wo 9832,GJ 9832
Wo 9835,GJ 9835
Wo 9836A,GJ 9836A
Wo 9836B,GJ 9836B
Wo 9843,GJ 9843
Wo 9848,GJ 9848
